"DateTime","Players","Average Players"
"2025-11-05 00:00:00",627,806
"2025-11-05 01:00:00",584,805
"2025-11-05 02:00:00",548,804
"2025-11-05 03:00:00",533,803
"2025-11-05 04:00:00",471,802
"2025-11-05 05:00:00",472,803
"2025-11-05 06:00:00",497,803
"2025-11-05 07:00:00",544,801
"2025-11-05 08:00:00",598,799
"2025-11-05 09:00:00",653,796
"2025-11-05 10:00:00",722,795
"2025-11-05 11:00:00",873,795
"2025-11-05 12:00:00",950,793
"2025-11-05 13:00:00",1035,793
"2025-11-05 14:00:00",1052,792
"2025-11-05 15:00:00",1087,793
"2025-11-05 16:00:00",1133,793
"2025-11-05 17:00:00",1142,794
"2025-11-05 18:00:00",1164,796
"2025-11-05 19:00:00",1169,796
"2025-11-05 20:00:00",1104,795
"2025-11-05 21:00:00",952,795
"2025-11-05 22:00:00",779,796
"2025-11-05 23:00:00",662,798
"2025-11-06 00:00:00",611,797
"2025-11-06 01:00:00",560,796
"2025-11-06 02:00:00",530,795
"2025-11-06 03:00:00",525,795
"2025-11-06 04:00:00",503,794
"2025-11-06 05:00:00",470,793
"2025-11-06 06:00:00",461,793
"2025-11-06 07:00:00",510,795
"2025-11-06 08:00:00",531,796
"2025-11-06 09:00:00",625,800
"2025-11-06 10:00:00",716,802
"2025-11-06 11:00:00",840,804
"2025-11-06 12:00:00",941,807
"2025-11-06 13:00:00",1000,809
"2025-11-06 14:00:00",1056,812
"2025-11-06 15:00:00",1090,816
"2025-11-06 16:00:00",1136,823
"2025-11-06 17:00:00",1175,828
"2025-11-06 18:00:00",1164,832
"2025-11-06 19:00:00",1133,837
"2025-11-06 20:00:00",1089,842
"2025-11-06 21:00:00",986,847
"2025-11-06 22:00:00",821,854
"2025-11-06 23:00:00",646,861
"2025-11-07 00:00:00",579,869
"2025-11-07 01:00:00",548,875
"2025-11-07 02:00:00",530,880
"2025-11-07 03:00:00",501,887
"2025-11-07 04:00:00",478,895
"2025-11-07 05:00:00",475,904
"2025-11-07 06:00:00",502,915
"2025-11-07 07:00:00",549,924
"2025-11-07 08:00:00",621,935
"2025-11-07 09:00:00",666,945
"2025-11-07 10:00:00",770,958
"2025-11-07 11:00:00",933,972
"2025-11-07 12:00:00",994,984
"2025-11-07 13:00:00",1071,997
"2025-11-07 14:00:00",1166,1013
"2025-11-07 15:00:00",1247,1027
"2025-11-07 16:00:00",1277,1036
"2025-11-07 17:00:00",1268,1045
"2025-11-07 18:00:00",1302,1054
"2025-11-07 19:00:00",1268,1060
"2025-11-07 20:00:00",1216,1067
"2025-11-07 21:00:00",1153,1073
"2025-11-07 22:00:00",1009,1078
"2025-11-07 23:00:00",860,1083
"2025-11-08 00:00:00",732,1087
"2025-11-08 01:00:00",696,1090
"2025-11-08 02:00:00",708,1091
"2025-11-08 03:00:00",698,1093
"2025-11-08 04:00:00",734,1096
"2025-11-08 05:00:00",746,1098
"2025-11-08 06:00:00",757,1102
"2025-11-08 07:00:00",820,1107
"2025-11-08 08:00:00",888,1111
"2025-11-08 09:00:00",1005,1118
"2025-11-08 10:00:00",1142,1127
"2025-11-08 11:00:00",1235,1130
"2025-11-08 12:00:00",1339,1137
"2025-11-08 13:00:00",1475,1144
"2025-11-08 14:00:00",1527,1151
"2025-11-08 15:00:00",1503,1158
"2025-11-08 16:00:00",1500,1167
"2025-11-08 17:00:00",1498,1175
"2025-11-08 18:00:00",1462,1180
"2025-11-08 19:00:00",1447,1184
"2025-11-08 20:00:00",1370,1187
"2025-11-08 21:00:00",1277,1189
"2025-11-08 22:00:00",1116,1188
"2025-11-08 23:00:00",959,1186
"2025-11-09 00:00:00",803,1183
"2025-11-09 01:00:00",723,1181
"2025-11-09 02:00:00",728,1179
"2025-11-09 03:00:00",765,1176
"2025-11-09 04:00:00",766,1170
"2025-11-09 05:00:00",823,1161
"2025-11-09 06:00:00",866,1150
"2025-11-09 07:00:00",918,1138
"2025-11-09 08:00:00",1032,1124
"2025-11-09 09:00:00",1194,1109
"2025-11-09 10:00:00",1206,1090
"2025-11-09 11:00:00",1374,1075
"2025-11-09 12:00:00",1486,1058
"2025-11-09 13:00:00",1629,1040
"2025-11-09 14:00:00",1678,1020
"2025-11-09 15:00:00",1723,1001
"2025-11-09 16:00:00",1685,983
"2025-11-09 17:00:00",1631,968
"2025-11-09 18:00:00",1540,954
"2025-11-09 19:00:00",1516,944
"2025-11-09 20:00:00",1403,935
"2025-11-09 21:00:00",1255,928
"2025-11-09 22:00:00",1037,921
"2025-11-09 23:00:00",860,917
"2025-11-10 00:00:00",744,914
"2025-11-10 01:00:00",681,911
"2025-11-10 02:00:00",641,908
"2025-11-10 03:00:00",594,907
"2025-11-10 04:00:00",506,905
"2025-11-10 05:00:00",496,905
"2025-11-10 06:00:00",511,903
"2025-11-10 07:00:00",512,901
"2025-11-10 08:00:00",561,900
"2025-11-10 09:00:00",643,898
"2025-11-10 10:00:00",764,898
"2025-11-10 11:00:00",856,895
"2025-11-10 12:00:00",967,892
"2025-11-10 13:00:00",1023,890
"2025-11-10 14:00:00",1099,891
"2025-11-10 15:00:00",1166,892
"2025-11-10 16:00:00",1206,892
"2025-11-10 17:00:00",1223,892
"2025-11-10 18:00:00",1234,894
"2025-11-10 19:00:00",1224,896
"2025-11-10 20:00:00",1207,898
"2025-11-10 21:00:00",1060,899
"2025-11-10 22:00:00",910,898
"2025-11-10 23:00:00",774,896
"2025-11-11 00:00:00",651,894
"2025-11-11 01:00:00",618,892
"2025-11-11 02:00:00",624,891
"2025-11-11 03:00:00",569,890
"2025-11-11 04:00:00",558,889
"2025-11-11 05:00:00",524,887
"2025-11-11 06:00:00",529,886
"2025-11-11 07:00:00",561,885
"2025-11-11 08:00:00",613,883
"2025-11-11 09:00:00",728,883
"2025-11-11 10:00:00",788,880
"2025-11-11 11:00:00",874,879
"2025-11-11 12:00:00",1044,878
"2025-11-11 13:00:00",1178,875
"2025-11-11 14:00:00",1239,870
"2025-11-11 15:00:00",1271,864
"2025-11-11 16:00:00",1321,859
"2025-11-11 17:00:00",1354,853
"2025-11-11 18:00:00",1350,847
"2025-11-11 19:00:00",1337,841
"2025-11-11 20:00:00",1283,836
"2025-11-11 21:00:00",1079,830
"2025-11-11 22:00:00",867,827
"2025-11-11 23:00:00",723,824
"2025-11-12 00:00:00",624,821
"2025-11-12 01:00:00",589,819
"2025-11-12 02:00:00",591,817
"2025-11-12 03:00:00",533,814
"2025-11-12 04:00:00",512,812
"2025-11-12 05:00:00",476,810
"2025-11-12 06:00:00",479,809
"2025-11-12 07:00:00",501,808
"2025-11-12 08:00:00",586,807
"2025-11-12 09:00:00",638,805
"2025-11-12 10:00:00",734,803
"2025-11-12 11:00:00",822,800
"2025-11-12 12:00:00",912,796
"2025-11-12 13:00:00",994,792
"2025-11-12 14:00:00",1016,789
"2025-11-12 15:00:00",1079,786
"2025-11-12 16:00:00",1105,782
"2025-11-12 17:00:00",1146,780
"2025-11-12 18:00:00",1127,778
"2025-11-12 19:00:00",1141,778
"2025-11-12 20:00:00",1096,777
"2025-11-12 21:00:00",981,776
"2025-11-12 22:00:00",808,775
"2025-11-12 23:00:00",617,774
"2025-11-13 00:00:00",579,775
"2025-11-13 01:00:00",515,774
"2025-11-13 02:00:00",519,774
"2025-11-13 03:00:00",485,773
"2025-11-13 04:00:00",456,773
"2025-11-13 05:00:00",441,774
"2025-11-13 06:00:00",452,775
"2025-11-13 07:00:00",478,775
"2025-11-13 08:00:00",544,776
"2025-11-13 09:00:00",587,776
"2025-11-13 10:00:00",670,777
"2025-11-13 11:00:00",714,778
"2025-11-13 12:00:00",861,781
"2025-11-13 13:00:00",949,782
"2025-11-13 14:00:00",999,786
"2025-11-13 15:00:00",1012,789
"2025-11-13 16:00:00",1097,792
"2025-11-13 17:00:00",1153,795
"2025-11-13 18:00:00",1197,798
"2025-11-13 19:00:00",1172,801
"2025-11-13 20:00:00",1105,804
"2025-11-13 21:00:00",983,808
"2025-11-13 22:00:00",796,812
"2025-11-13 23:00:00",662,819
"2025-11-14 00:00:00",582,823
"2025-11-14 01:00:00",538,826
"2025-11-14 02:00:00",513,829
"2025-11-14 03:00:00",495,834
"2025-11-14 04:00:00",494,839
"2025-11-14 05:00:00",479,844
"2025-11-14 06:00:00",487,850
"2025-11-14 07:00:00",517,857
"2025-11-14 08:00:00",574,864
"2025-11-14 09:00:00",634,872
"2025-11-14 10:00:00",745,881
"2025-11-14 11:00:00",827,891
"2025-11-14 12:00:00",928,900
"2025-11-14 13:00:00",1076,912
"2025-11-14 14:00:00",1119,922
"2025-11-14 15:00:00",1129,932
"2025-11-14 16:00:00",1211,944
"2025-11-14 17:00:00",1224,953
"2025-11-14 18:00:00",1288,962
"2025-11-14 19:00:00",1259,968
"2025-11-14 20:00:00",1241,976
"2025-11-14 21:00:00",1140,983
"2025-11-14 22:00:00",1019,990
"2025-11-14 23:00:00",792,995
"2025-11-15 00:00:00",692,1001
"2025-11-15 01:00:00",658,1005
"2025-11-15 02:00:00",675,1010
"2025-11-15 03:00:00",660,1016
"2025-11-15 04:00:00",627,1021
"2025-11-15 05:00:00",680,1028
"2025-11-15 06:00:00",716,1034
"2025-11-15 07:00:00",768,1041
"2025-11-15 08:00:00",828,1047
"2025-11-15 09:00:00",924,1056
"2025-11-15 10:00:00",1050,1066
"2025-11-15 11:00:00",1144,1075
"2025-11-15 12:00:00",1297,1085
"2025-11-15 13:00:00",1357,1094
"2025-11-15 14:00:00",1443,1104
"2025-11-15 15:00:00",1508,1115
"2025-11-15 16:00:00",1507,1124
"2025-11-15 17:00:00",1488,1131
"2025-11-15 18:00:00",1491,1138
"2025-11-15 19:00:00",1494,1145
"2025-11-15 20:00:00",1406,1149
"2025-11-15 21:00:00",1314,1153
"2025-11-15 22:00:00",1135,1154
"2025-11-15 23:00:00",942,1153
"2025-11-16 00:00:00",810,1153
"2025-11-16 01:00:00",780,1151
"2025-11-16 02:00:00",799,1149
"2025-11-16 03:00:00",791,1146
"2025-11-16 04:00:00",781,1142
"2025-11-16 05:00:00",807,1137
"2025-11-16 06:00:00",837,1131
"2025-11-16 07:00:00",886,1123
"2025-11-16 08:00:00",995,1116
"2025-11-16 09:00:00",1129,1108
"2025-11-16 10:00:00",1235,1098
"2025-11-16 11:00:00",1342,1088
"2025-11-16 12:00:00",1459,1075
"2025-11-16 13:00:00",1587,1064
"2025-11-16 14:00:00",1644,1051
"2025-11-16 15:00:00",1672,1038
"2025-11-16 16:00:00",1649,1027
"2025-11-16 17:00:00",1651,1017
"2025-11-16 18:00:00",1614,1008
"2025-11-16 19:00:00",1560,999
"2025-11-16 20:00:00",1463,991
"2025-11-16 21:00:00",1292,981
"2025-11-16 22:00:00",1038,971
"2025-11-16 23:00:00",852,964
"2025-11-17 00:00:00",685,959
"2025-11-17 01:00:00",644,955
"2025-11-17 02:00:00",605,951
"2025-11-17 03:00:00",547,947
"2025-11-17 04:00:00",504,942
"2025-11-17 05:00:00",511,938
"2025-11-17 06:00:00",468,932
"2025-11-17 07:00:00",514,927
"2025-11-17 08:00:00",550,920
"2025-11-17 09:00:00",635,913
"2025-11-17 10:00:00",708,904
"2025-11-17 11:00:00",757,894
"2025-11-17 12:00:00",866,885
"2025-11-17 13:00:00",948,876
"2025-11-17 14:00:00",1030,868
"2025-11-17 15:00:00",1110,859
"2025-11-17 16:00:00",1154,851
"2025-11-17 17:00:00",1201,843
"2025-11-17 18:00:00",1196,835
"2025-11-17 19:00:00",1176,828
"2025-11-17 20:00:00",1091,823
"2025-11-17 21:00:00",936,817
"2025-11-17 22:00:00",796,814
"2025-11-17 23:00:00",686,812
"2025-11-18 00:00:00",607,809
"2025-11-18 01:00:00",600,807
"2025-11-18 02:00:00",572,805
"2025-11-18 03:00:00",546,804
"2025-11-18 04:00:00",520,804
"2025-11-18 05:00:00",503,803
"2025-11-18 06:00:00",499,803
"2025-11-18 07:00:00",527,801
"2025-11-18 08:00:00",569,801
"2025-11-18 09:00:00",645,800
"2025-11-18 10:00:00",680,799
"2025-11-18 11:00:00",807,800
"2025-11-18 12:00:00",935,801
"2025-11-18 13:00:00",1034,801
"2025-11-18 14:00:00",1079,799
"2025-11-18 15:00:00",1142,798
"2025-11-18 16:00:00",1149,795
"2025-11-18 17:00:00",1165,793
"2025-11-18 18:00:00",1195,794
"2025-11-18 19:00:00",1222,794
"2025-11-18 20:00:00",1125,794
"2025-11-18 21:00:00",971,793
"2025-11-18 22:00:00",820,794
"2025-11-18 23:00:00",622,791
"2025-11-19 00:00:00",559,791
"2025-11-19 01:00:00",554,790
"2025-11-19 02:00:00",548,790
"2025-11-19 03:00:00",522,789
"2025-11-19 04:00:00",480,789
"2025-11-19 05:00:00",458,789
"2025-11-19 06:00:00",443,788
"2025-11-19 07:00:00",499,787
"2025-11-19 08:00:00",532,786
"2025-11-19 09:00:00",587,785
"2025-11-19 10:00:00",708,785
"2025-11-19 11:00:00",764,782
"2025-11-19 12:00:00",868,779
"2025-11-19 13:00:00",936,776
"2025-11-19 14:00:00",981,773
"2025-11-19 15:00:00",1031,771
"2025-11-19 16:00:00",1104,769
"2025-11-19 17:00:00",1175,768
"2025-11-19 18:00:00",1187,766
"2025-11-19 19:00:00",1164,764
"2025-11-19 20:00:00",1072,762
"2025-11-19 21:00:00",954,761
"2025-11-19 22:00:00",774,760
"2025-11-19 23:00:00",632,760
"2025-11-20 00:00:00",572,760
"2025-11-20 01:00:00",560,761
"2025-11-20 02:00:00",535,760
"2025-11-20 03:00:00",535,761
"2025-11-20 04:00:00",520,761
"2025-11-20 05:00:00",459,761
"2025-11-20 06:00:00",448,761
"2025-11-20 07:00:00",485,761
"2025-11-20 08:00:00",502,760
"2025-11-20 09:00:00",569,761
"2025-11-20 10:00:00",636,760
"2025-11-20 11:00:00",685,760
"2025-11-20 12:00:00",805,761
"2025-11-20 13:00:00",898,762
"2025-11-20 14:00:00",966,763
"2025-11-20 15:00:00",976,763
"2025-11-20 16:00:00",1067,764
"2025-11-20 17:00:00",1104,762
"2025-11-20 18:00:00",1112,762
"2025-11-20 19:00:00",1113,763
"2025-11-20 20:00:00",1058,765
"2025-11-20 21:00:00",954,767
"2025-11-20 22:00:00",748,770
"2025-11-20 23:00:00",639,774
"2025-11-21 00:00:00",580,777
"2025-11-21 01:00:00",557,779
"2025-11-21 02:00:00",536,780
"2025-11-21 03:00:00",525,781
"2025-11-21 04:00:00",497,782
"2025-11-21 05:00:00",466,784
"2025-11-21 06:00:00",457,787
"2025-11-21 07:00:00",486,791
"2025-11-21 08:00:00",537,796
"2025-11-21 09:00:00",603,802
"2025-11-21 10:00:00",727,810
"2025-11-21 11:00:00",803,817
"2025-11-21 12:00:00",870,824
"2025-11-21 13:00:00",977,832
"2025-11-21 14:00:00",1014,840
"2025-11-21 15:00:00",1063,847
"2025-11-21 16:00:00",1086,854
"2025-11-21 17:00:00",1171,862
"2025-11-21 18:00:00",1208,867
"2025-11-21 19:00:00",1214,874
"2025-11-21 20:00:00",1181,881
"2025-11-21 21:00:00",1131,889
"2025-11-21 22:00:00",939,896
"2025-11-21 23:00:00",808,905
"2025-11-22 00:00:00",668,911
"2025-11-22 01:00:00",613,916
"2025-11-22 02:00:00",629,921
"2025-11-22 03:00:00",614,926
"2025-11-22 04:00:00",601,932
"2025-11-22 05:00:00",617,939
"2025-11-22 06:00:00",688,948
"2025-11-22 07:00:00",708,957
"2025-11-22 08:00:00",814,968
"2025-11-22 09:00:00",905,980
"2025-11-22 10:00:00",997,991
"2025-11-22 11:00:00",1106,1005
"2025-11-22 12:00:00",1214,1020
"2025-11-22 13:00:00",1324,1039
"2025-11-22 14:00:00",1327,1057
"2025-11-22 15:00:00",1412,1079
"2025-11-22 16:00:00",1418,1098
"2025-11-22 17:00:00",1380,1115
"2025-11-22 18:00:00",1441,1134
"2025-11-22 19:00:00",1453,1152
"2025-11-22 20:00:00",1423,1168
"2025-11-22 21:00:00",1311,1181
"2025-11-22 22:00:00",1231,1194
"2025-11-22 23:00:00",1020,1202
"2025-11-23 00:00:00",884,1211
"2025-11-23 01:00:00",798,1219
"2025-11-23 02:00:00",805,1225
"2025-11-23 03:00:00",809,1232
"2025-11-23 04:00:00",831,1238
"2025-11-23 05:00:00",833,1242
"2025-11-23 06:00:00",905,1245
"2025-11-23 07:00:00",982,1249
"2025-11-23 08:00:00",1075,1253
"2025-11-23 09:00:00",1200,1256
"2025-11-23 10:00:00",1389,1262
"2025-11-23 11:00:00",1548,1268
"2025-11-23 12:00:00",1816,1279
"2025-11-23 13:00:00",1969,1289
"2025-11-23 14:00:00",2093,1302
"2025-11-23 15:00:00",2103,1314
"2025-11-23 16:00:00",2139,1328
"2025-11-23 17:00:00",2176,1344
"2025-11-23 18:00:00",2147,1358
"2025-11-23 19:00:00",2072,1372
"2025-11-23 20:00:00",1963,1384
"2025-11-23 21:00:00",1700,1393
"2025-11-23 22:00:00",1459,1399
"2025-11-23 23:00:00",1239,1403
"2025-11-24 00:00:00",1113,1407
"2025-11-24 01:00:00",967,1410
"2025-11-24 02:00:00",920,1413
"2025-11-24 03:00:00",857,1415
"2025-11-24 04:00:00",802,1415
"2025-11-24 05:00:00",739,1414
"2025-11-24 06:00:00",747,1411
"2025-11-24 07:00:00",810,1408
"2025-11-24 08:00:00",843,1403
"2025-11-24 09:00:00",968,1399
"2025-11-24 10:00:00",1122,1394
"2025-11-24 11:00:00",1275,1389
"2025-11-24 12:00:00",1417,1381
"2025-11-24 13:00:00",1581,1374
"2025-11-24 14:00:00",1721,1368
"2025-11-24 15:00:00",1794,1364
"2025-11-24 16:00:00",1870,1361
"2025-11-24 17:00:00",1912,1356
"2025-11-24 18:00:00",1990,1355
"2025-11-24 19:00:00",1946,1354
"2025-11-24 20:00:00",1884,1354
"2025-11-24 21:00:00",1655,1354
"2025-11-24 22:00:00",1340,1353
"2025-11-24 23:00:00",1096,1351
"2025-11-25 00:00:00",1006,1349
"2025-11-25 01:00:00",962,1350
"2025-11-25 02:00:00",939,1351
"2025-11-25 03:00:00",908,1353
"2025-11-25 04:00:00",843,1355
"2025-11-25 05:00:00",836,1359
"2025-11-25 06:00:00",832,1363
"2025-11-25 07:00:00",868,1365
"2025-11-25 08:00:00",987,1370
"2025-11-25 09:00:00",1141,1376
"2025-11-25 10:00:00",1259,1381
"2025-11-25 11:00:00",1441,1387
"2025-11-25 12:00:00",1659,1396
"2025-11-25 13:00:00",1886,1407
"2025-11-25 14:00:00",1999,1417
"2025-11-25 15:00:00",2057,1426
"2025-11-25 16:00:00",2094,1434
"2025-11-25 17:00:00",2148,1442
"2025-11-25 18:00:00",2135,1448
"2025-11-25 19:00:00",2100,1456
"2025-11-25 20:00:00",2017,1463
"2025-11-25 21:00:00",1778,1469
"2025-11-25 22:00:00",1486,1475
"2025-11-25 23:00:00",1223,1480
"2025-11-26 00:00:00",1072,1484
"2025-11-26 01:00:00",1015,1487
"2025-11-26 02:00:00",987,1489
"2025-11-26 03:00:00",980,1492
"2025-11-26 04:00:00",975,1496
"2025-11-26 05:00:00",953,1499
"2025-11-26 06:00:00",908,1502
"2025-11-26 07:00:00",968,1506
"2025-11-26 08:00:00",1077,1509
"2025-11-26 09:00:00",1214,1512
"2025-11-26 10:00:00",1400,1518
"2025-11-26 11:00:00",1606,1524
"2025-11-26 12:00:00",1816,1530
"2025-11-26 13:00:00",2047,1536
"2025-11-26 14:00:00",2150,1543
"2025-11-26 15:00:00",2171,1549
"2025-11-26 16:00:00",2241,1557
"2025-11-26 17:00:00",2314,1565
"2025-11-26 18:00:00",2379,1574
"2025-11-26 19:00:00",2375,1584
"2025-11-26 20:00:00",2206,1591
"2025-11-26 21:00:00",1952,1598
"2025-11-26 22:00:00",1619,1604
"2025-11-26 23:00:00",1422,1612
"2025-11-27 00:00:00",1178,1615
"2025-11-27 01:00:00",1092,1618
"2025-11-27 02:00:00",1019,1619
"2025-11-27 03:00:00",1012,1621
"2025-11-27 04:00:00",1019,1624
"2025-11-27 05:00:00",1010,1626
"2025-11-27 06:00:00",982,1630
"2025-11-27 07:00:00",1057,1634
"2025-11-27 08:00:00",1159,1638
"2025-11-27 09:00:00",1355,1644
"2025-11-27 10:00:00",1472,1647
"2025-11-27 11:00:00",1729,1653
"2025-11-27 12:00:00",1986,1660
"2025-11-27 13:00:00",2219,1668
"2025-11-27 14:00:00",2400,1678
"2025-11-27 15:00:00",2463,1689
"2025-11-27 16:00:00",2544,1701
"2025-11-27 17:00:00",2504,1708
"2025-11-27 18:00:00",2508,1715
"2025-11-27 19:00:00",2481,1720
"2025-11-27 20:00:00",2424,1728
"2025-11-27 21:00:00",2135,1736
"2025-11-27 22:00:00",1767,1745
"2025-11-27 23:00:00",1427,1749
"2025-11-28 00:00:00",1237,1755
"2025-11-28 00:10:00",1216,
"2025-11-28 00:20:00",1201,
"2025-11-28 00:30:00",1153,
"2025-11-28 00:40:00",1142,
"2025-11-28 00:50:00",1124,
"2025-11-28 01:00:00",1109,1760
"2025-11-28 01:10:00",1092,
"2025-11-28 01:20:00",1111,
"2025-11-28 01:30:00",1112,
"2025-11-28 01:40:00",1139,
"2025-11-28 01:50:00",1126,
"2025-11-28 02:00:00",1115,1767
"2025-11-28 02:10:00",1130,
"2025-11-28 02:20:00",1124,
"2025-11-28 02:30:00",1124,
"2025-11-28 02:40:00",1135,
"2025-11-28 02:50:00",1145,
"2025-11-28 03:00:00",1145,1775
"2025-11-28 03:10:00",1126,
"2025-11-28 03:20:00",1120,
"2025-11-28 03:30:00",1102,
"2025-11-28 03:40:00",1089,
"2025-11-28 03:50:00",1084,
"2025-11-28 04:00:00",1078,1781
"2025-11-28 04:10:00",1101,
"2025-11-28 04:20:00",1099,
"2025-11-28 04:30:00",1117,
"2025-11-28 04:40:00",1125,
"2025-11-28 04:50:00",1129,
"2025-11-28 05:00:00",1100,1788
"2025-11-28 05:10:00",1110,
"2025-11-28 05:20:00",1115,
"2025-11-28 05:30:00",1090,
"2025-11-28 05:40:00",1109,
"2025-11-28 05:50:00",1092,
"2025-11-28 06:00:00",1078,1796
"2025-11-28 06:10:00",1081,
"2025-11-28 06:20:00",1107,
"2025-11-28 06:30:00",1133,
"2025-11-28 06:40:00",1134,
"2025-11-28 06:50:00",1119,
"2025-11-28 07:00:00",1125,1805
"2025-11-28 07:10:00",1120,
"2025-11-28 07:20:00",1143,
"2025-11-28 07:30:00",1171,
"2025-11-28 07:40:00",1199,
"2025-11-28 07:50:00",1210,
"2025-11-28 08:00:00",1213,1814
"2025-11-28 08:10:00",1231,
"2025-11-28 08:20:00",1251,
"2025-11-28 08:30:00",1265,
"2025-11-28 08:40:00",1282,
"2025-11-28 08:50:00",1311,
"2025-11-28 09:00:00",1352,1824
"2025-11-28 09:10:00",1379,
"2025-11-28 09:20:00",1399,
"2025-11-28 09:30:00",1432,
"2025-11-28 09:40:00",1461,
"2025-11-28 09:50:00",1468,
"2025-11-28 10:00:00",1498,1838
"2025-11-28 10:10:00",1514,
"2025-11-28 10:20:00",1554,
"2025-11-28 10:30:00",1597,
"2025-11-28 10:40:00",1640,
"2025-11-28 10:50:00",1729,
"2025-11-28 11:00:00",1745,1850
"2025-11-28 11:10:00",1745,
"2025-11-28 11:20:00",1791,
"2025-11-28 11:30:00",1811,
"2025-11-28 11:40:00",1855,
"2025-11-28 11:50:00",1904,
"2025-11-28 12:00:00",1983,1864
"2025-11-28 12:10:00",1996,
"2025-11-28 12:20:00",2076,
"2025-11-28 12:30:00",2150,
"2025-11-28 12:40:00",2180,
"2025-11-28 12:50:00",2210,
"2025-11-28 13:00:00",2257,1879
"2025-11-28 13:10:00",2278,
"2025-11-28 13:20:00",2343,
"2025-11-28 13:30:00",2380,
"2025-11-28 13:40:00",2416,
"2025-11-28 13:50:00",2469,
"2025-11-28 14:00:00",2517,1892
"2025-11-28 14:10:00",2563,
"2025-11-28 14:20:00",2609,
"2025-11-28 14:30:00",2610,
"2025-11-28 14:40:00",2623,
"2025-11-28 14:50:00",2613,
"2025-11-28 15:00:00",2644,1906
"2025-11-28 15:10:00",2687,
"2025-11-28 15:20:00",2647,
"2025-11-28 15:30:00",2647,
"2025-11-28 15:40:00",2649,
"2025-11-28 15:50:00",2630,
"2025-11-28 16:00:00",2610,1917
"2025-11-28 16:10:00",2618,
"2025-11-28 16:20:00",2625,
"2025-11-28 16:30:00",2654,
"2025-11-28 16:40:00",2678,
"2025-11-28 16:50:00",2692,
"2025-11-28 17:00:00",2728,1931
"2025-11-28 17:10:00",2747,
"2025-11-28 17:20:00",2736,
"2025-11-28 17:30:00",2743,
"2025-11-28 17:40:00",2744,
"2025-11-28 17:50:00",2764,
"2025-11-28 18:00:00",2725,1943
"2025-11-28 18:10:00",2724,
"2025-11-28 18:20:00",2733,
"2025-11-28 18:30:00",2691,
"2025-11-28 18:40:00",2675,
"2025-11-28 18:50:00",2679,
"2025-11-28 19:00:00",2662,1953
"2025-11-28 19:10:00",2624,
"2025-11-28 19:20:00",2648,
"2025-11-28 19:30:00",2665,
"2025-11-28 19:40:00",2640,
"2025-11-28 19:50:00",2648,
"2025-11-28 20:00:00",2651,1966
"2025-11-28 20:10:00",2642,
"2025-11-28 20:20:00",2665,
"2025-11-28 20:30:00",2656,
"2025-11-28 20:40:00",2644,
"2025-11-28 20:50:00",2565,
"2025-11-28 21:00:00",2519,1982
"2025-11-28 21:10:00",2477,
"2025-11-28 21:20:00",2458,
"2025-11-28 21:30:00",2372,
"2025-11-28 21:40:00",2324,
"2025-11-28 21:50:00",2257,
"2025-11-28 22:00:00",2222,2001
"2025-11-28 22:10:00",2135,
"2025-11-28 22:20:00",2082,
"2025-11-28 22:30:00",2015,
"2025-11-28 22:40:00",1977,
"2025-11-28 22:50:00",1951,
"2025-11-28 23:00:00",1896,2020
"2025-11-28 23:10:00",1843,
"2025-11-28 23:20:00",1818,
"2025-11-28 23:30:00",1761,
"2025-11-28 23:40:00",1695,
"2025-11-28 23:50:00",1664,
"2025-11-29 00:00:00",1635,2036
"2025-11-29 00:10:00",1585,
"2025-11-29 00:20:00",1539,
"2025-11-29 00:30:00",1505,
"2025-11-29 00:40:00",1471,
"2025-11-29 00:50:00",1461,
"2025-11-29 01:00:00",1434,2048
"2025-11-29 01:10:00",1422,
"2025-11-29 01:20:00",1438,
"2025-11-29 01:30:00",1440,
"2025-11-29 01:40:00",1434,
"2025-11-29 01:50:00",1453,
"2025-11-29 02:00:00",1455,2061
"2025-11-29 02:10:00",1490,
"2025-11-29 02:20:00",1499,
"2025-11-29 02:30:00",1500,
"2025-11-29 02:40:00",1492,
"2025-11-29 02:50:00",1504,
"2025-11-29 03:00:00",1500,2073
"2025-11-29 03:10:00",1501,
"2025-11-29 03:20:00",1507,
"2025-11-29 03:30:00",1498,
"2025-11-29 03:40:00",1487,
"2025-11-29 03:50:00",1462,
"2025-11-29 04:00:00",1469,2085
"2025-11-29 04:10:00",1468,
"2025-11-29 04:20:00",1451,
"2025-11-29 04:30:00",1435,
"2025-11-29 04:40:00",1436,
"2025-11-29 04:50:00",1428,
"2025-11-29 05:00:00",1417,2101
"2025-11-29 05:10:00",1426,
"2025-11-29 05:20:00",1475,
"2025-11-29 05:30:00",1491,
"2025-11-29 05:40:00",1519,
"2025-11-29 05:50:00",1540,
"2025-11-29 06:00:00",1536,2118
"2025-11-29 06:10:00",1563,
"2025-11-29 06:20:00",1576,
"2025-11-29 06:30:00",1576,
"2025-11-29 06:40:00",1591,
"2025-11-29 06:50:00",1603,
"2025-11-29 07:00:00",1636,2137
"2025-11-29 07:10:00",1655,
"2025-11-29 07:20:00",1662,
"2025-11-29 07:30:00",1695,
"2025-11-29 07:40:00",1713,
"2025-11-29 07:50:00",1735,
"2025-11-29 08:00:00",1793,2161
"2025-11-29 08:10:00",1821,
"2025-11-29 08:20:00",1842,
"2025-11-29 08:30:00",1890,
"2025-11-29 08:40:00",1912,
"2025-11-29 08:50:00",1967,
"2025-11-29 09:00:00",1977,2186
"2025-11-29 09:10:00",2002,
"2025-11-29 09:20:00",2069,
"2025-11-29 09:30:00",2062,
"2025-11-29 09:40:00",2097,
"2025-11-29 09:50:00",2132,
"2025-11-29 10:00:00",2171,2215
"2025-11-29 10:10:00",2200,
"2025-11-29 10:20:00",2265,
"2025-11-29 10:30:00",2315,
"2025-11-29 10:40:00",2395,
"2025-11-29 10:50:00",2446,
"2025-11-29 11:00:00",2503,2247
"2025-11-29 11:10:00",2540,
"2025-11-29 11:20:00",2618,
"2025-11-29 11:30:00",2659,
"2025-11-29 11:40:00",2717,
"2025-11-29 11:50:00",2737,
"2025-11-29 12:00:00",2765,2278
"2025-11-29 12:10:00",2809,
"2025-11-29 12:20:00",2872,
"2025-11-29 12:30:00",2913,
"2025-11-29 12:40:00",2965,
"2025-11-29 12:50:00",2978,
"2025-11-29 13:00:00",3074,2309
"2025-11-29 13:10:00",3110,
"2025-11-29 13:20:00",3192,
"2025-11-29 13:30:00",3208,
"2025-11-29 13:40:00",3228,
"2025-11-29 13:50:00",3247,
"2025-11-29 14:00:00",3272,2339
"2025-11-29 14:10:00",3281,
"2025-11-29 14:20:00",3276,
"2025-11-29 14:30:00",3348,
"2025-11-29 14:40:00",3336,
"2025-11-29 14:50:00",3376,
"2025-11-29 15:00:00",3419,2369
"2025-11-29 15:10:00",3456,
"2025-11-29 15:20:00",3436,
"2025-11-29 15:30:00",3430,
"2025-11-29 15:40:00",3426,
"2025-11-29 15:50:00",3414,
"2025-11-29 16:00:00",3422,2397
"2025-11-29 16:10:00",3418,
"2025-11-29 16:20:00",3423,
"2025-11-29 16:30:00",3384,
"2025-11-29 16:40:00",3380,
"2025-11-29 16:50:00",3403,
"2025-11-29 17:00:00",3379,2422
"2025-11-29 17:10:00",3355,
"2025-11-29 17:20:00",3347,
"2025-11-29 17:30:00",3371,
"2025-11-29 17:40:00",3389,
"2025-11-29 17:50:00",3347,
"2025-11-29 18:00:00",3290,2444
"2025-11-29 18:10:00",3231,
"2025-11-29 18:20:00",3219,
"2025-11-29 18:30:00",3224,
"2025-11-29 18:40:00",3228,
"2025-11-29 18:50:00",3228,
"2025-11-29 19:00:00",3198,2467
"2025-11-29 19:10:00",3177,
"2025-11-29 19:20:00",3205,
"2025-11-29 19:30:00",3234,
"2025-11-29 19:40:00",3251,
"2025-11-29 19:50:00",3258,
"2025-11-29 20:00:00",3220,2488
"2025-11-29 20:10:00",3187,
"2025-11-29 20:20:00",3161,
"2025-11-29 20:30:00",3099,
"2025-11-29 20:40:00",3088,
"2025-11-29 20:50:00",3043,
"2025-11-29 21:00:00",3018,2506
"2025-11-29 21:10:00",2950,
"2025-11-29 21:20:00",2932,
"2025-11-29 21:30:00",2870,
"2025-11-29 21:40:00",2804,
"2025-11-29 21:50:00",2762,
"2025-11-29 22:00:00",2670,2520
"2025-11-29 22:10:00",2588,
"2025-11-29 22:20:00",2566,
"2025-11-29 22:30:00",2508,
"2025-11-29 22:40:00",2456,
"2025-11-29 22:50:00",2387,
"2025-11-29 23:00:00",2302,2532
"2025-11-29 23:10:00",2212,
"2025-11-29 23:20:00",2154,
"2025-11-29 23:30:00",2087,
"2025-11-29 23:40:00",2002,
"2025-11-29 23:50:00",1974,
"2025-11-30 00:00:00",1927,2540
"2025-11-30 00:10:00",1863,
"2025-11-30 00:20:00",1823,
"2025-11-30 00:30:00",1747,
"2025-11-30 00:40:00",1693,
"2025-11-30 00:50:00",1682,
"2025-11-30 01:00:00",1654,2544
"2025-11-30 01:10:00",1647,
"2025-11-30 01:20:00",1640,
"2025-11-30 01:30:00",1618,
"2025-11-30 01:40:00",1629,
"2025-11-30 01:50:00",1626,
"2025-11-30 02:00:00",1638,2549
"2025-11-30 02:10:00",1650,
"2025-11-30 02:20:00",1651,
"2025-11-30 02:30:00",1670,
"2025-11-30 02:40:00",1678,
"2025-11-30 02:50:00",1680,
"2025-11-30 03:00:00",1665,2552
"2025-11-30 03:10:00",1666,
"2025-11-30 03:20:00",1673,
"2025-11-30 03:30:00",1656,
"2025-11-30 03:40:00",1644,
"2025-11-30 03:50:00",1660,
"2025-11-30 04:00:00",1657,2558
"2025-11-30 04:10:00",1645,
"2025-11-30 04:20:00",1655,
"2025-11-30 04:30:00",1690,
"2025-11-30 04:40:00",1672,
"2025-11-30 04:50:00",1667,
"2025-11-30 05:00:00",1661,2563
"2025-11-30 05:10:00",1688,
"2025-11-30 05:20:00",1714,
"2025-11-30 05:30:00",1730,
"2025-11-30 05:40:00",1768,
"2025-11-30 05:50:00",1778,
"2025-11-30 06:00:00",1806,2567
"2025-11-30 06:10:00",1785,
"2025-11-30 06:20:00",1784,
"2025-11-30 06:30:00",1816,
"2025-11-30 06:40:00",1815,
"2025-11-30 06:50:00",1842,
"2025-11-30 07:00:00",1869,2576
"2025-11-30 07:10:00",1910,
"2025-11-30 07:20:00",1968,
"2025-11-30 07:30:00",2008,
"2025-11-30 07:40:00",2059,
"2025-11-30 07:50:00",2122,
"2025-11-30 08:00:00",2168,2585
"2025-11-30 08:10:00",2225,
"2025-11-30 08:20:00",2246,
"2025-11-30 08:30:00",2280,
"2025-11-30 08:40:00",2353,
"2025-11-30 08:50:00",2395,
"2025-11-30 09:00:00",2455,2601
"2025-11-30 09:10:00",2500,
"2025-11-30 09:20:00",2560,
"2025-11-30 09:30:00",2603,
"2025-11-30 09:40:00",2647,
"2025-11-30 09:50:00",2776,
"2025-11-30 10:00:00",2844,2616
"2025-11-30 10:10:00",2877,
"2025-11-30 10:20:00",2935,
"2025-11-30 10:30:00",2963,
"2025-11-30 10:40:00",3014,
"2025-11-30 10:50:00",3082,
"2025-11-30 11:00:00",3099,2631
"2025-11-30 11:10:00",3151,
"2025-11-30 11:20:00",3191,
"2025-11-30 11:30:00",3255,
"2025-11-30 11:40:00",3320,
"2025-11-30 11:50:00",3375,
"2025-11-30 12:00:00",3435,2647
"2025-11-30 12:10:00",3466,
"2025-11-30 12:20:00",3538,
"2025-11-30 12:30:00",3546,
"2025-11-30 12:40:00",3618,
"2025-11-30 12:50:00",3665,
"2025-11-30 13:00:00",3728,2662
"2025-11-30 13:10:00",3745,
"2025-11-30 13:20:00",3811,
"2025-11-30 13:30:00",3838,
"2025-11-30 13:40:00",3869,
"2025-11-30 13:50:00",3892,
"2025-11-30 14:00:00",3909,2678
"2025-11-30 14:10:00",3944,
"2025-11-30 14:20:00",4004,
"2025-11-30 14:30:00",4010,
"2025-11-30 14:40:00",3988,
"2025-11-30 14:50:00",3980,
"2025-11-30 15:00:00",3971,2690
"2025-11-30 15:10:00",3951,
"2025-11-30 15:20:00",3963,
"2025-11-30 15:30:00",3963,
"2025-11-30 15:40:00",3965,
"2025-11-30 15:50:00",3958,
"2025-11-30 16:00:00",3941,2702
"2025-11-30 16:10:00",3943,
"2025-11-30 16:20:00",3865,
"2025-11-30 16:30:00",3868,
"2025-11-30 16:40:00",3815,
"2025-11-30 16:50:00",3826,
"2025-11-30 17:00:00",3804,2712
"2025-11-30 17:10:00",3777,
"2025-11-30 17:20:00",3757,
"2025-11-30 17:30:00",3726,
"2025-11-30 17:40:00",3723,
"2025-11-30 17:50:00",3742,
"2025-11-30 18:00:00",3723,2724
"2025-11-30 18:10:00",3735,
"2025-11-30 18:20:00",3661,
"2025-11-30 18:30:00",3636,
"2025-11-30 18:40:00",3641,
"2025-11-30 18:50:00",3625,
"2025-11-30 19:00:00",3636,2735
"2025-11-30 19:10:00",3612,
"2025-11-30 19:20:00",3571,
"2025-11-30 19:30:00",3518,
"2025-11-30 19:40:00",3485,
"2025-11-30 19:50:00",3439,
"2025-11-30 20:00:00",3391,2739
"2025-11-30 20:10:00",3266,
"2025-11-30 20:20:00",3181,
"2025-11-30 20:30:00",3132,
"2025-11-30 20:40:00",3061,
"2025-11-30 20:50:00",2990,
"2025-11-30 21:00:00",2927,2734
"2025-11-30 21:10:00",2829,
"2025-11-30 21:20:00",2759,
"2025-11-30 21:30:00",2657,
"2025-11-30 21:40:00",2571,
"2025-11-30 21:50:00",2500,
"2025-11-30 22:00:00",2429,2724
"2025-11-30 22:10:00",2346,
"2025-11-30 22:20:00",2265,
"2025-11-30 22:30:00",2244,
"2025-11-30 22:40:00",2190,
"2025-11-30 22:50:00",2106,
"2025-11-30 23:00:00",2020,2713
"2025-11-30 23:10:00",1930,
"2025-11-30 23:20:00",1894,
"2025-11-30 23:30:00",1819,
"2025-11-30 23:40:00",1750,
"2025-11-30 23:50:00",1702,
"2025-12-01 00:00:00",1670,2703
"2025-12-01 00:10:00",1595,
"2025-12-01 00:20:00",1584,
"2025-12-01 00:30:00",1534,
"2025-12-01 00:40:00",1526,
"2025-12-01 00:50:00",1514,
"2025-12-01 01:00:00",1465,2696
"2025-12-01 01:10:00",1459,
"2025-12-01 01:20:00",1455,
"2025-12-01 01:30:00",1436,
"2025-12-01 01:40:00",1438,
"2025-12-01 01:50:00",1424,
"2025-12-01 02:00:00",1410,2687
"2025-12-01 02:10:00",1413,
"2025-12-01 02:20:00",1417,
"2025-12-01 02:30:00",1391,
"2025-12-01 02:40:00",1404,
"2025-12-01 02:50:00",1379,
"2025-12-01 03:00:00",1356,2676
"2025-12-01 03:10:00",1348,
"2025-12-01 03:20:00",1326,
"2025-12-01 03:30:00",1311,
"2025-12-01 03:40:00",1308,
"2025-12-01 03:50:00",1295,
"2025-12-01 04:00:00",1314,2663
"2025-12-01 04:10:00",1288,
"2025-12-01 04:20:00",1278,
"2025-12-01 04:30:00",1257,
"2025-12-01 04:40:00",1240,
"2025-12-01 04:50:00",1224,
"2025-12-01 05:00:00",1201,2642
"2025-12-01 05:10:00",1188,
"2025-12-01 05:20:00",1183,
"2025-12-01 05:30:00",1181,
"2025-12-01 05:40:00",1158,
"2025-12-01 05:50:00",1167,
"2025-12-01 06:00:00",1173,2619
"2025-12-01 06:10:00",1179,
"2025-12-01 06:20:00",1181,
"2025-12-01 06:30:00",1171,
"2025-12-01 06:40:00",1174,
"2025-12-01 06:50:00",1178,
"2025-12-01 07:00:00",1186,2588
"2025-12-01 07:10:00",1193,
"2025-12-01 07:20:00",1204,
"2025-12-01 07:30:00",1213,
"2025-12-01 07:40:00",1229,
"2025-12-01 07:50:00",1250,
"2025-12-01 08:00:00",1256,2551
"2025-12-01 08:10:00",1285,
"2025-12-01 08:20:00",1282,
"2025-12-01 08:30:00",1306,
"2025-12-01 08:40:00",1337,
"2025-12-01 08:50:00",1354,
"2025-12-01 09:00:00",1396,2507
"2025-12-01 09:10:00",1415,
"2025-12-01 09:20:00",1464,
"2025-12-01 09:30:00",1505,
"2025-12-01 09:40:00",1525,
"2025-12-01 09:50:00",1556,
"2025-12-01 10:00:00",1618,2464
"2025-12-01 10:10:00",1660,
"2025-12-01 10:20:00",1723,
"2025-12-01 10:30:00",1770,
"2025-12-01 10:40:00",1855,
"2025-12-01 10:50:00",1859,
"2025-12-01 11:00:00",1905,2419
"2025-12-01 11:10:00",1969,
"2025-12-01 11:20:00",2044,
"2025-12-01 11:30:00",2099,
"2025-12-01 11:40:00",2122,
"2025-12-01 11:50:00",2144,
"2025-12-01 12:00:00",2205,2372
"2025-12-01 12:10:00",2208,
"2025-12-01 12:20:00",2247,
"2025-12-01 12:30:00",2277,
"2025-12-01 12:40:00",2336,
"2025-12-01 12:50:00",2374,
"2025-12-01 13:00:00",2469,2328
"2025-12-01 13:10:00",2537,
"2025-12-01 13:20:00",2557,
"2025-12-01 13:30:00",2607,
"2025-12-01 13:40:00",2646,
"2025-12-01 13:50:00",2678,
"2025-12-01 14:00:00",2689,2286
"2025-12-01 14:10:00",2720,
"2025-12-01 14:20:00",2745,
"2025-12-01 14:30:00",2806,
"2025-12-01 14:40:00",2837,
"2025-12-01 14:50:00",2866,
"2025-12-01 15:00:00",2884,2248
"2025-12-01 15:10:00",2905,
"2025-12-01 15:20:00",2922,
"2025-12-01 15:30:00",2910,
"2025-12-01 15:40:00",2873,
"2025-12-01 15:50:00",2886,
"2025-12-01 16:00:00",2889,2211
"2025-12-01 16:10:00",2851,
"2025-12-01 16:20:00",2873,
"2025-12-01 16:30:00",2896,
"2025-12-01 16:40:00",2913,
"2025-12-01 16:50:00",2941,
"2025-12-01 17:00:00",2938,2185
"2025-12-01 17:10:00",2991,
"2025-12-01 17:20:00",3010,
"2025-12-01 17:30:00",3045,
"2025-12-01 17:40:00",3073,
"2025-12-01 17:50:00",3073,
"2025-12-01 18:00:00",3102,2163
"2025-12-01 18:10:00",3090,
"2025-12-01 18:20:00",3114,
"2025-12-01 18:30:00",3136,
"2025-12-01 18:40:00",3121,
"2025-12-01 18:50:00",3139,
"2025-12-01 19:00:00",3118,2144
"2025-12-01 19:10:00",3087,
"2025-12-01 19:20:00",3077,
"2025-12-01 19:30:00",3056,
"2025-12-01 19:40:00",3047,
"2025-12-01 19:50:00",3005,
"2025-12-01 20:00:00",2930,2127
"2025-12-01 20:10:00",2849,
"2025-12-01 20:20:00",2810,
"2025-12-01 20:30:00",2752,
"2025-12-01 20:40:00",2678,
"2025-12-01 20:50:00",2607,
"2025-12-01 21:00:00",2564,2113
"2025-12-01 21:10:00",2494,
"2025-12-01 21:20:00",2396,
"2025-12-01 21:30:00",2301,
"2025-12-01 21:40:00",2247,
"2025-12-01 21:50:00",2130,
"2025-12-01 22:00:00",2085,2100
"2025-12-01 22:10:00",1992,
"2025-12-01 22:20:00",1940,
"2025-12-01 22:30:00",1859,
"2025-12-01 22:40:00",1813,
"2025-12-01 22:50:00",1779,
"2025-12-01 23:00:00",1710,2088
"2025-12-01 23:10:00",1660,
"2025-12-01 23:20:00",1611,
"2025-12-01 23:30:00",1584,
"2025-12-01 23:40:00",1550,
"2025-12-01 23:50:00",1501,
"2025-12-02 00:00:00",1472,2080
"2025-12-02 00:10:00",1430,
"2025-12-02 00:20:00",1410,
"2025-12-02 00:30:00",1394,
"2025-12-02 00:40:00",1371,
"2025-12-02 00:50:00",1363,
"2025-12-02 01:00:00",1367,2076
"2025-12-02 01:10:00",1335,
"2025-12-02 01:20:00",1341,
"2025-12-02 01:30:00",1334,
"2025-12-02 01:40:00",1316,
"2025-12-02 01:50:00",1311,
"2025-12-02 02:00:00",1290,2072
"2025-12-02 02:10:00",1288,
"2025-12-02 02:20:00",1284,
"2025-12-02 02:30:00",1295,
"2025-12-02 02:40:00",1300,
"2025-12-02 02:50:00",1294,
"2025-12-02 03:00:00",1275,2069
"2025-12-02 03:10:00",1266,
"2025-12-02 03:20:00",1259,
"2025-12-02 03:30:00",1250,
"2025-12-02 03:40:00",1237,
"2025-12-02 03:50:00",1223,
"2025-12-02 04:00:00",1210,2065
"2025-12-02 04:10:00",1211,
"2025-12-02 04:20:00",1208,
"2025-12-02 04:30:00",1225,
"2025-12-02 04:40:00",1209,
"2025-12-02 04:50:00",1196,
"2025-12-02 05:00:00",1174,2064
"2025-12-02 05:10:00",1145,
"2025-12-02 05:20:00",1159,
"2025-12-02 05:30:00",1143,
"2025-12-02 05:40:00",1130,
"2025-12-02 05:50:00",1131,
"2025-12-02 06:00:00",1115,2063
"2025-12-02 06:10:00",1099,
"2025-12-02 06:20:00",1105,
"2025-12-02 06:30:00",1125,
"2025-12-02 06:40:00",1155,
"2025-12-02 06:50:00",1174,
"2025-12-02 07:00:00",1188,2064
"2025-12-02 07:10:00",1201,
"2025-12-02 07:20:00",1204,
"2025-12-02 07:30:00",1226,
"2025-12-02 07:40:00",1245,
"2025-12-02 07:50:00",1270,
"2025-12-02 08:00:00",1301,2066
"2025-12-02 08:10:00",1327,
"2025-12-02 08:20:00",1327,
"2025-12-02 08:30:00",1341,
"2025-12-02 08:40:00",1376,
"2025-12-02 08:50:00",1424,
"2025-12-02 09:00:00",1470,2070
"2025-12-02 09:10:00",1485,
"2025-12-02 09:20:00",1517,
"2025-12-02 09:30:00",1578,
"2025-12-02 09:40:00",1617,
"2025-12-02 09:50:00",1654,
"2025-12-02 10:00:00",1669,2069
"2025-12-02 10:10:00",1699,
"2025-12-02 10:20:00",1716,
"2025-12-02 10:30:00",1753,
"2025-12-02 10:40:00",1824,
"2025-12-02 10:50:00",1860,
"2025-12-02 11:00:00",1882,2069
"2025-12-02 11:10:00",1935,
"2025-12-02 11:20:00",1972,
"2025-12-02 11:30:00",2010,
"2025-12-02 11:40:00",2095,
"2025-12-02 11:50:00",2146,
"2025-12-02 12:00:00",2152,2069
"2025-12-02 12:10:00",2205,
"2025-12-02 12:20:00",2232,
"2025-12-02 12:30:00",2282,
"2025-12-02 12:40:00",2327,
"2025-12-02 12:50:00",2384,
"2025-12-02 13:00:00",2383,2067
"2025-12-02 13:10:00",2464,
"2025-12-02 13:20:00",2546,
"2025-12-02 13:30:00",2531,
"2025-12-02 13:40:00",2616,
"2025-12-02 13:50:00",2628,
"2025-12-02 14:00:00",2688,2067
"2025-12-02 14:10:00",2733,
"2025-12-02 14:20:00",2760,
"2025-12-02 14:30:00",2799,
"2025-12-02 14:40:00",2850,
"2025-12-02 14:50:00",2861,
"2025-12-02 15:00:00",2879,2067
"2025-12-02 15:10:00",2910,
"2025-12-02 15:20:00",2908,
"2025-12-02 15:30:00",2914,
"2025-12-02 15:40:00",2938,
"2025-12-02 15:50:00",2925,
"2025-12-02 16:00:00",2949,2070
"2025-12-02 16:10:00",2952,
"2025-12-02 16:20:00",2958,
"2025-12-02 16:30:00",2998,
"2025-12-02 16:40:00",2996,
"2025-12-02 16:50:00",3017,
"2025-12-02 17:00:00",3010,2069
"2025-12-02 17:10:00",2996,
"2025-12-02 17:20:00",3002,
"2025-12-02 17:30:00",3014,
"2025-12-02 17:40:00",3011,
"2025-12-02 17:50:00",3075,
"2025-12-02 18:00:00",3108,2069
"2025-12-02 18:10:00",3143,
"2025-12-02 18:20:00",3152,
"2025-12-02 18:30:00",3120,
"2025-12-02 18:40:00",3135,
"2025-12-02 18:50:00",3148,
"2025-12-02 19:00:00",3152,2070
"2025-12-02 19:10:00",3107,
"2025-12-02 19:20:00",3070,
"2025-12-02 19:30:00",3041,
"2025-12-02 19:40:00",2971,
"2025-12-02 19:50:00",2960,
"2025-12-02 20:00:00",2920,2069
"2025-12-02 20:10:00",2863,
"2025-12-02 20:20:00",2791,
"2025-12-02 20:30:00",2699,
"2025-12-02 20:40:00",2609,
"2025-12-02 20:50:00",2518,
"2025-12-02 21:00:00",2444,2064
"2025-12-02 21:10:00",2342,
"2025-12-02 21:20:00",2236,
"2025-12-02 21:30:00",2165,
"2025-12-02 21:40:00",2145,
"2025-12-02 21:50:00",2090,
"2025-12-02 22:00:00",1999,2060
"2025-12-02 22:10:00",1928,
"2025-12-02 22:20:00",1877,
"2025-12-02 22:30:00",1854,
"2025-12-02 22:40:00",1772,
"2025-12-02 22:50:00",1703,
"2025-12-02 23:00:00",1648,2058
"2025-12-02 23:10:00",1420,
"2025-12-02 23:20:00",1417,
"2025-12-02 23:30:00",1484,
"2025-12-02 23:40:00",1452,
"2025-12-02 23:50:00",1449,
"2025-12-03 00:00:00",1415,2056
"2025-12-03 00:10:00",1384,
"2025-12-03 00:20:00",1360,
"2025-12-03 00:30:00",1350,
"2025-12-03 00:40:00",1334,
"2025-12-03 00:50:00",1308,
"2025-12-03 01:00:00",1313,2054
"2025-12-03 01:10:00",1298,
"2025-12-03 01:20:00",1277,
"2025-12-03 01:30:00",1261,
"2025-12-03 01:40:00",1266,
"2025-12-03 01:50:00",1284,
"2025-12-03 02:00:00",1271,2053
"2025-12-03 02:10:00",1233,
"2025-12-03 02:20:00",1211,
"2025-12-03 02:30:00",1205,
"2025-12-03 02:40:00",1200,
"2025-12-03 02:50:00",1185,
"2025-12-03 03:00:00",1194,2050
"2025-12-03 03:10:00",1207,
"2025-12-03 03:20:00",1201,
"2025-12-03 03:30:00",1163,
"2025-12-03 03:40:00",1166,
"2025-12-03 03:50:00",1131,
"2025-12-03 04:00:00",1122,2046
"2025-12-03 04:10:00",1121,
"2025-12-03 04:20:00",1115,
"2025-12-03 04:30:00",1115,
"2025-12-03 04:40:00",1107,
"2025-12-03 04:50:00",1107,
"2025-12-03 05:00:00",1115,2044
"2025-12-03 05:10:00",1094,
"2025-12-03 05:20:00",1092,
"2025-12-03 05:30:00",1093,
"2025-12-03 05:40:00",1096,
"2025-12-03 05:50:00",1096,
"2025-12-03 06:00:00",1096,2043
"2025-12-03 06:10:00",1092,
"2025-12-03 06:20:00",1091,
"2025-12-03 06:30:00",1094,
"2025-12-03 06:40:00",1114,
"2025-12-03 06:50:00",1135,
"2025-12-03 07:00:00",1147,2041
"2025-12-03 07:10:00",1176,
"2025-12-03 07:20:00",1205,
"2025-12-03 07:30:00",1215,
"2025-12-03 07:40:00",1223,
"2025-12-03 07:50:00",1208,
"2025-12-03 08:00:00",1251,2040
"2025-12-03 08:10:00",1269,
"2025-12-03 08:20:00",1304,
"2025-12-03 08:30:00",1315,
"2025-12-03 08:40:00",1331,
"2025-12-03 08:50:00",1378,
"2025-12-03 09:00:00",1400,2035
"2025-12-03 09:10:00",1428,
"2025-12-03 09:20:00",1461,
"2025-12-03 09:30:00",1479,
"2025-12-03 09:40:00",1482,
"2025-12-03 09:50:00",1522,
"2025-12-03 10:00:00",1534,2031
"2025-12-03 10:10:00",1556,
"2025-12-03 10:20:00",1604,
"2025-12-03 10:30:00",1654,
"2025-12-03 10:40:00",1707,
"2025-12-03 10:50:00",1766,
"2025-12-03 11:00:00",1813,2028
"2025-12-03 11:10:00",1858,
"2025-12-03 11:20:00",1918,
"2025-12-03 11:30:00",1947,
"2025-12-03 11:40:00",2003,
"2025-12-03 11:50:00",2061,
"2025-12-03 12:00:00",2113,2027
"2025-12-03 12:10:00",2136,
"2025-12-03 12:20:00",2197,
"2025-12-03 12:30:00",2273,
"2025-12-03 12:40:00",2299,
"2025-12-03 12:50:00",2351,
"2025-12-03 13:00:00",2384,2026
"2025-12-03 13:10:00",2440,
"2025-12-03 13:20:00",2475,
"2025-12-03 13:30:00",2513,
"2025-12-03 13:40:00",2545,
"2025-12-03 13:50:00",2595,
"2025-12-03 14:00:00",2603,2019
"2025-12-03 14:10:00",2644,
"2025-12-03 14:20:00",2647,
"2025-12-03 14:30:00",2655,
"2025-12-03 14:40:00",2693,
"2025-12-03 14:50:00",2681,
"2025-12-03 15:00:00",2696,2012
"2025-12-03 15:10:00",2684,
"2025-12-03 15:20:00",2724,
"2025-12-03 15:30:00",2741,
"2025-12-03 15:40:00",2732,
"2025-12-03 15:50:00",2727,
"2025-12-03 16:00:00",2727,2004
"2025-12-03 16:10:00",2714,
"2025-12-03 16:20:00",2713,
"2025-12-03 16:30:00",2766,
"2025-12-03 16:40:00",2809,
"2025-12-03 16:50:00",2807,
"2025-12-03 17:00:00",2829,1998
"2025-12-03 17:10:00",2835,
"2025-12-03 17:20:00",2822,
"2025-12-03 17:30:00",2852,
"2025-12-03 17:40:00",2862,
"2025-12-03 17:50:00",2909,
"2025-12-03 18:00:00",2896,1990
"2025-12-03 18:10:00",2915,
"2025-12-03 18:20:00",2943,
"2025-12-03 18:30:00",2948,
"2025-12-03 18:40:00",2921,
"2025-12-03 18:50:00",2916,
"2025-12-03 19:00:00",2906,1980
"2025-12-03 19:10:00",2873,
"2025-12-03 19:20:00",2847,
"2025-12-03 19:30:00",2786,
"2025-12-03 19:40:00",2734,
"2025-12-03 19:50:00",2713,
"2025-12-03 20:00:00",2671,1970
"2025-12-03 20:10:00",2596,
"2025-12-03 20:20:00",2577,
"2025-12-03 20:30:00",2532,
"2025-12-03 20:40:00",2485,
"2025-12-03 20:50:00",2419,
"2025-12-03 21:00:00",2372,1968
"2025-12-03 21:10:00",2297,
"2025-12-03 21:20:00",2234,
"2025-12-03 21:30:00",2175,
"2025-12-03 21:40:00",2124,
"2025-12-03 21:50:00",2048,
"2025-12-03 22:00:00",1959,1966
"2025-12-03 22:10:00",1903,
"2025-12-03 22:20:00",1828,
"2025-12-03 22:30:00",1759,
"2025-12-03 22:40:00",1727,
"2025-12-03 22:50:00",1668,
"2025-12-03 23:00:00",1632,1965
"2025-12-03 23:10:00",1554,
"2025-12-03 23:20:00",1516,
"2025-12-03 23:30:00",1461,
"2025-12-03 23:40:00",1434,
"2025-12-03 23:50:00",1403,
"2025-12-04 00:00:00",1368,1964
"2025-12-04 00:10:00",1345,
"2025-12-04 00:20:00",1348,
"2025-12-04 00:30:00",1343,
"2025-12-04 00:40:00",1306,
"2025-12-04 00:50:00",1299,
"2025-12-04 01:00:00",1298,1963
"2025-12-04 01:10:00",1263,
"2025-12-04 01:20:00",1266,
"2025-12-04 01:30:00",1264,
"2025-12-04 01:40:00",1259,
"2025-12-04 01:50:00",1258,
"2025-12-04 02:00:00",1260,1964
"2025-12-04 02:10:00",1259,
"2025-12-04 02:20:00",1260,
"2025-12-04 02:30:00",1251,
"2025-12-04 02:40:00",1248,
"2025-12-04 02:50:00",1249,
"2025-12-04 03:00:00",1222,1966
"2025-12-04 03:10:00",1233,
"2025-12-04 03:20:00",1212,
"2025-12-04 03:30:00",1215,
"2025-12-04 03:40:00",1200,
"2025-12-04 03:50:00",1192,
"2025-12-04 04:00:00",1180,1969
"2025-12-04 04:10:00",1191,
"2025-12-04 04:20:00",1185,
"2025-12-04 04:30:00",1166,
"2025-12-04 04:40:00",1162,
"2025-12-04 04:50:00",1157,
"2025-12-04 05:00:00",1139,1972
"2025-12-04 05:10:00",1137,
"2025-12-04 05:20:00",1151,
"2025-12-04 05:30:00",1140,
"2025-12-04 05:40:00",1119,
"2025-12-04 05:50:00",1106,
"2025-12-04 06:00:00",1090,1974
"2025-12-04 06:10:00",1096,
"2025-12-04 06:20:00",1108,
"2025-12-04 06:30:00",1126,
"2025-12-04 06:40:00",1133,
"2025-12-04 06:50:00",1155,
"2025-12-04 07:00:00",1159,1976
"2025-12-04 07:10:00",1181,
"2025-12-04 07:20:00",1236,
"2025-12-04 07:30:00",1220,
"2025-12-04 07:40:00",1220,
"2025-12-04 07:50:00",1244,
"2025-12-04 08:00:00",1256,1978
"2025-12-04 08:10:00",1287,
"2025-12-04 08:20:00",1332,
"2025-12-04 08:30:00",1352,
"2025-12-04 08:40:00",1379,
"2025-12-04 08:50:00",1406,
"2025-12-04 09:00:00",1427,1981
"2025-12-04 09:10:00",1448,
"2025-12-04 09:20:00",1454,
"2025-12-04 09:30:00",1512,
"2025-12-04 09:40:00",1530,
"2025-12-04 09:50:00",1588,
"2025-12-04 10:00:00",1621,1984
"2025-12-04 10:10:00",1679,
"2025-12-04 10:20:00",1729,
"2025-12-04 10:30:00",1774,
"2025-12-04 10:40:00",1792,
"2025-12-04 10:50:00",1820,
"2025-12-04 11:00:00",1857,1987
"2025-12-04 11:10:00",1889,
"2025-12-04 11:20:00",1935,
"2025-12-04 11:30:00",1980,
"2025-12-04 11:40:00",2073,
"2025-12-04 11:50:00",2119,
"2025-12-04 12:00:00",2176,1990
"2025-12-04 12:10:00",2221,
"2025-12-04 12:20:00",2269,
"2025-12-04 12:30:00",2306,
"2025-12-04 12:40:00",2340,
"2025-12-04 12:50:00",2427,
"2025-12-04 13:00:00",2490,1992
"2025-12-04 13:10:00",2542,
"2025-12-04 13:20:00",2576,
"2025-12-04 13:30:00",2593,
"2025-12-04 13:40:00",2642,
"2025-12-04 13:50:00",2669,
"2025-12-04 14:00:00",2676,1998
"2025-12-04 14:10:00",2730,
"2025-12-04 14:20:00",2765,
"2025-12-04 14:30:00",2770,
"2025-12-04 14:40:00",2829,
"2025-12-04 14:50:00",2865,
"2025-12-04 15:00:00",2865,2005
"2025-12-04 15:10:00",2844,
"2025-12-04 15:20:00",2875,
"2025-12-04 15:30:00",2882,
"2025-12-04 15:40:00",2929,
"2025-12-04 15:50:00",2942,
"2025-12-04 16:00:00",2932,2011
"2025-12-04 16:10:00",2964,
"2025-12-04 16:20:00",2955,
"2025-12-04 16:30:00",2978,
"2025-12-04 16:40:00",2994,
"2025-12-04 16:50:00",2988,
"2025-12-04 17:00:00",2997,2014
"2025-12-04 17:10:00",2941,
"2025-12-04 17:20:00",2926,
"2025-12-04 17:30:00",2941,
"2025-12-04 17:40:00",2979,
"2025-12-04 17:50:00",3012,
"2025-12-04 18:00:00",3003,2016
"2025-12-04 18:10:00",3019,
"2025-12-04 18:20:00",3017,
"2025-12-04 18:30:00",3026,
"2025-12-04 18:40:00",2988,
"2025-12-04 18:50:00",3004,
"2025-12-04 19:00:00",2973,2018
"2025-12-04 19:10:00",2956,
"2025-12-04 19:20:00",2916,
"2025-12-04 19:30:00",2916,
"2025-12-04 19:40:00",2883,
"2025-12-04 19:50:00",2841,
"2025-12-04 20:00:00",2800,2022
"2025-12-04 20:10:00",2743,
"2025-12-04 20:20:00",2691,
"2025-12-04 20:30:00",2649,
"2025-12-04 20:40:00",2618,
"2025-12-04 20:50:00",2555,
"2025-12-04 21:00:00",2462,2024
"2025-12-04 21:10:00",2392,
"2025-12-04 21:20:00",2309,
"2025-12-04 21:30:00",2252,
"2025-12-04 21:40:00",2212,
"2025-12-04 21:50:00",2124,
"2025-12-04 22:00:00",2042,2027
"2025-12-04 22:10:00",1984,
"2025-12-04 22:20:00",1906,
"2025-12-04 22:30:00",1862,
"2025-12-04 22:40:00",1834,
"2025-12-04 22:50:00",1807,
"2025-12-04 23:00:00",1738,2031
"2025-12-04 23:10:00",1675,
"2025-12-04 23:20:00",1637,
"2025-12-04 23:30:00",1582,
"2025-12-04 23:40:00",1550,
"2025-12-04 23:50:00",1526,
"2025-12-05 00:00:00",1460,2036
"2025-12-05 00:10:00",1435,
"2025-12-05 00:20:00",1406,
"2025-12-05 00:30:00",1388,2036