appid,name,slug,release_date,review_score,avg_playtime,players,avg_concurrent_players_after_90,estimated_launch_reviews,estimated_launch_followers,estimated_launch_copies_sold,developer,publisher,avg_sentiment,is_singleplayer,price,is_vet_dev,is_successful,is_sequel,is_q4_release,is_free
227580,"10,000,000",10000000,2013-01-15,90.0,7.0,14.0,227.43666666666664,758.0,164.0,19742.800000000003,EightyEightGames,EightyEightGames,0.7519142857142856,True,4.99,0,1.0,0,0,0
335620,Star Traders: Frontiers,star_traders_frontiers,2018-07-31,84.0,101.0,108097.0,37.25,118.0,2141.9,10607.1,Trese Brothers,Trese Brothers,0.3735844155844156,False,11.99,0,0.0,1,0,0
1354830,Cat Cafe Manager,cat_cafe_manager,2022-04-14,88.0,11.0,204.0,103.17666666666666,295.0,971.5,11600.6,Roost Games,indie.io,0.839678021978022,True,19.99,0,1.0,0,0,0
1304680,Voidigo,voidigo,2023-06-08,97.0,17.0,6.0,4.483333333333333,51.0,1072.0,11626.1,semiwork,semiwork,0.6295997999999999,True,14.99,0,0.0,0,0,0
236090,Dust: An Elysian Tail,dust_an_elysian_tail,2013-05-24,95.0,13.0,175.0,207.8166666666667,5935.0,2645.5,113710.4,Humble Hearts LLC,Xbox Game Studios,0.532297,True,5.99,0,1.0,1,0,0
562500,Warstone TD,warstone_td,2018-05-23,83.0,23.0,181358.0,3.3799999999999994,71.0,783.0,11567.1,Battlecruiser Games,Battlecruiser Games,0.38862,True,8.99,0,0.0,0,0,0
355050,Sky Force Anniversary,sky_force_anniversary,2015-04-29,92.0,12.0,2.0,7.836666666666667,11.0,522.2,8376.2,Infinite Dreams,Infinite Dreams,0.7785666666666667,True,8.99,0,0.0,0,0,0
552500,Warhammer: Vermintide 2,warhammer_vermintide_2,2018-03-08,85.0,164.0,30615.0,1.0533333333333337,10238.0,25158.2,442060.7,Fatshark,Fatshark,0.3980861,True,26.99,0,0.0,1,0,0
1484280,Demeo,demeo,2021-05-06,88.0,64.0,126.0,73.88,272.0,1519.4,9020.2,Resolution Games,Resolution Games,0.3476194029850746,False,39.99,0,0.0,0,0,0
799640,Dungeon Munchies,dungeon_munchies,2022-07-27,97.0,15.0,87.0,37.556666666666665,786.0,2338.0,11597.4,maJAJa,maJAJa,0.875,True,12.59,0,0.0,0,0,0
926140,CHANGE: A Homeless Survival Experience,change_a_homeless_survival_experience,2020-05-01,91.0,48.0,5.0,20.76,32.0,1065.2,9237.1,Delve Interactive,Delve Interactive,0.3679347826086956,False,9.99,0,0.0,1,0,0
412830,STEINS;GATE,steinsgate,2016-09-08,97.0,26.0,102.0,48.39666666666667,353.0,10024.9,104020.9,MAGES. Inc.,"Spike Chunsoft Co., Ltd.",0.5572999999999999,True,29.74,0,0.0,0,0,0
667870,MINDNIGHT,mindnight,2017-08-04,85.0,39.0,1.0,0.6466666666666666,10.0,343.90000000000003,35368.700000000004,No Moon,No Moon,0.5891000000000001,False,5.99,0,0.0,0,0,0
617160,Home Sweet Home,home_sweet_home,2017-09-26,87.0,7.0,31.0,31.986666666666665,133.0,2846.5,10807.1,"YGGDRAZIL GROUP CO.,LTD","YGGDRAZIL GROUP CO.,LTD",0.6394,True,16.99,0,0.0,0,0,0
244770,StarMade,starmade,2014-12-04,68.0,71.0,376.0,389.92,304.0,7399.200000000001,29431.0,Schine GmbH,Schine GmbH,0.5801466666666666,True,9.99,0,1.0,0,1,0
19000,Silent Hill Homecoming,silent_hill_homecoming,2008-11-06,47.0,8.0,2.0,6.3,118.0,1106.5,9992.8,Double Helix Games,KONAMI,0.1054207792207792,True,39.99,0,0.0,0,1,0
727130,Between the Stars,between_the_stars,2024-03-07,74.0,16.0,1.0,0.29,108.0,3813.6,8664.1,Isolated Games,Isolated Games,0.8934777777777777,True,17.99,0,0.0,0,0,0
47400,Stronghold 3 Gold,stronghold_3_gold,2012-05-25,33.0,13.0,83.0,216.9533333333333,786.0,1083.3,52600.5,Firefly Studios,Firefly Studios,0.4565684210526315,True,7.49,0,1.0,1,0,0
1286880,Ship Graveyard Simulator,ship_graveyard_simulator,2021-11-10,65.0,19.0,257.0,153.23,192.0,1422.6,20517.2,Games Incubator,Games Incubator,0.4046131578947368,True,14.99,0,1.0,0,1,0
525510,"Guns, Gore and Cannoli 2",guns_gore_and_cannoli_2,2018-03-02,94.0,7.0,82.0,0.3433333333333333,326.0,2656.0,31761.0,Rogueside,Rogueside,0.524888888888889,False,12.99,0,0.0,1,0,0
885000,Synth Riders,synth_riders,2019-10-31,92.0,27.0,116871.0,0.19,4.0,556.2,4440.400000000001,Kluge Interactive,Kluge Interactive,0.8345,True,9.99,0,0.0,0,1,0
6220,FlatOut,flatout,2011-12-13,92.0,8.0,20.0,6.413333333333333,369.0,427.0,15769.3,Bugbear Entertainment,Strategy First,0.6110704918032787,True,1.12,0,0.0,0,1,0
509980,BIGFOOT,bigfoot,2017-01-31,82.0,4.0,19.0,57.96,1.0,6352.0,95960.1,CyberLight Game Studio,CyberLight Game Studio,0.3593369,True,15.99,0,0.0,0,0,0
275200,Westerado: Double Barreled,westerado_double_barreled,2015-04-16,91.0,8.0,58.0,19.86,109.0,1485.9,12348.5,Ostrich Banditos,Ostrich Banditos,0.4025785714285714,True,11.99,0,0.0,1,0,0
1462810,WRC 10 FIA World Rally Championship,wrc_10_fia_world_rally_championship,2021-09-02,72.0,16.0,251.0,186.99666666666667,172.0,1184.8,21637.1,KT Racing,Nacon,0.4506831460674157,False,49.99,0,1.0,0,0,0
1082710,Bug Fables: The Everlasting Sapling,bug_fables_the_everlasting_sapling,2019-11-21,97.0,36.0,181.0,122.43,178.0,1027.0,17507.0,Moonsprout Games,DANGEN Entertainment,0.7125393258426966,True,19.99,0,1.0,1,1,0
471550,Nine Parchments,nine_parchments,2017-12-05,77.0,15.0,52.0,0.8233333333333333,109.0,2545.0,50126.5,Frozenbyte,Frozenbyte,0.3409333333333333,True,19.99,0,0.0,0,1,0
397950,Clustertruck,clustertruck,2016-09-27,93.0,10.0,2.0,0.58,448.0,6425.700000000001,110377.7,Landfall,tinyBuild,0.1725449,True,11.99,0,0.0,0,0,0
388410,Darksiders II Deathinitive Edition,darksiders_ii_deathinitive_edition,2015-11-05,79.0,26.0,325.0,219.01666666666665,397.0,3697.1,150100.0,Gunfire Games,THQ Nordic,0.4930142,True,23.99,0,1.0,1,1,0
588690,"Peace, Death!",peace_death,2017-03-24,94.0,10.0,37.0,25.606666666666666,123.0,555.0,15655.3,AZAMATIKA,AZAMATIKA,0.926,True,4.34,0,0.0,0,0,0
227180,Kingdom Wars,kingdom_wars,2013-04-01,67.0,42.0,138.0,218.5233333333333,992.0,1270.9,41060.9,Reverie World Studios,Reverie World Studios,0.4404,True,0.0,0,1.0,0,0,1
49540,Aliens: Colonial Marines Collection,aliens_colonial_marines_collection,2012-05-01,62.0,19.0,24.0,964.7033333333334,6544.0,17891.0,30410.5,Gearbox Software,SEGA,0.3579395833333333,True,29.99,1,1.0,1,0,0
283640,Salt and Sanctuary,salt_and_sanctuary,2016-05-17,89.0,26.0,817.0,549.2333333333333,765.0,8259.5,105934.8,Ska Studios,Ska Studios,0.5074559440559441,True,16.19,0,1.0,0,0,0
707030,POSTAL 4: No Regerts,postal_4_no_regerts,2022-04-20,68.0,13.0,154.0,71.95333333333333,1839.0,4751.400000000001,32252.800000000003,Running With Scissors,Running With Scissors,0.1762826,True,17.99,0,0.0,1,0,0
585450,Shadows: Awakening,shadows_awakening,2018-08-31,75.0,18.0,2.0,0.1166666666666666,18.0,3254.6000000000004,10611.1,Games Farm,Kalypso Media,-0.1913833333333333,True,33.99,0,0.0,1,0,0
1330460,Becastled,becastled,2025-10-21,83.0,9.0,500.0,291.16,894.0,5188.5,26815.2,Mana Potion Studios,Mana Potion Studios,0.4719312,True,14.99,0,1.0,0,1,0
283640,Salt and Sanctuary,salt_and_sanctuary,2016-05-17,89.0,26.0,817.0,549.2333333333333,765.0,8259.5,105934.8,Ska Studios,Ska Studios,0.5074559440559441,True,16.19,0,1.0,0,0,0
707030,POSTAL 4: No Regerts,postal_4_no_regerts,2022-04-20,68.0,13.0,154.0,71.95333333333333,1839.0,4751.400000000001,32252.800000000003,Running With Scissors,Running With Scissors,0.1762826,True,17.99,0,0.0,1,0,0
585450,Shadows: Awakening,shadows_awakening,2018-08-31,75.0,18.0,2.0,0.1166666666666666,18.0,3254.6000000000004,10611.1,Games Farm,Kalypso Media,-0.1913833333333333,True,33.99,0,0.0,1,0,0
1330460,Becastled,becastled,2025-10-21,83.0,9.0,500.0,291.16,894.0,5188.5,26815.2,Mana Potion Studios,Mana Potion Studios,0.4719312,True,14.99,0,1.0,0,1,0
585450,Shadows: Awakening,shadows_awakening,2018-08-31,75.0,18.0,2.0,0.1166666666666666,18.0,3254.6000000000004,10611.1,Games Farm,Kalypso Media,-0.1913833333333333,True,33.99,0,0.0,1,0,0
1330460,Becastled,becastled,2025-10-21,83.0,9.0,500.0,291.16,894.0,5188.5,26815.2,Mana Potion Studios,Mana Potion Studios,0.4719312,True,14.99,0,1.0,0,1,0
469610,Rick and Morty: Virtual Rick-ality,rick_and_morty_virtual_rickality,2017-04-20,75.0,6.0,96.0,0.02,323.0,2375.3,31649.800000000003,Owlchemy Labs,Adult Swim Games,0.5642375,True,29.99,0,0.0,1,0,0
1710100,Bing in Wonderland,bing_in_wonderland,2023-01-12,97.0,22.0,205.0,134.73666666666665,5.0,553.2,10354.2,Wanba Studio,Wanba Studio,0.8658,True,8.09,0,1.0,0,0,0
623280,Dungeons & Dragons: Dark Alliance,dungeons__dragons_dark_alliance,2021-06-21,49.0,1.0,3125.0,1214.81,2497.0,5097.3,12177.1,Tuque Games,Wizards of the Coast,0.9949,True,29.99,0,1.0,1,0,0
1231880,"Haiku, the Robot",haiku_the_robot,2022-04-28,90.0,9.0,78.0,41.60666666666666,323.0,828.7,7250.3,Mister Morris Games,Mister Morris Games,0.6471902777777778,True,19.99,0,0.0,0,0,0
200170,Worms Revolution,worms_revolution,2012-10-10,87.0,12.0,345.0,341.28333333333336,1012.0,1606.0,37642.1,Team17 Digital Ltd,Team17 Digital Ltd,0.5804758620689655,True,3.74,0,1.0,0,1,0
587450,Saurian,saurian,2017-08-02,60.0,10.0,66.0,30.45,229.0,2166.9,5240.1,"Urvogel Games, LLC","Urvogel Games, LLC",0.522,True,19.99,0,0.0,0,0,0
610360,Zup! Zero,zup_zero,2017-04-06,93.0,7.0,26.0,19.326666666666668,267.0,126.7,26785.2,Quiet River,Quiet River,0.6940142857142856,True,0.99,0,0.0,0,0,0
1179080,FAITH: The Unholy Trinity,faith_the_unholy_trinity,2022-10-21,95.0,9.0,260.0,130.54,389.0,2716.7000000000003,29457.2,Airdorf Games,New Blood Interactive,0.3914144,False,14.99,0,1.0,1,1,0
728880,Overcooked! 2,overcooked_2,2018-08-07,91.0,32.0,1717.0,1129.6333333333334,1236.0,21496.800000000003,1002457.6,Ghost Town Games Ltd.,Team17,0.5657433,True,24.99,0,1.0,1,0,0
247660,Deadly Premonition: The Director's Cut,deadly_premonition_the_directors_cut,2013-10-29,66.0,19.0,34.0,36.01666666666667,601.0,918.2,30308.7,Rising Star Games,Rising Star Games,0.6440595238095238,True,2.49,0,0.0,1,1,0
705210,Cube Racer,cube_racer,2017-10-30,90.0,20.0,3132819.0,0.1366666666666667,2.0,298.0,313281.9,Simon Blasen,Simon Blasen,0.6087571428571429,False,4.49,0,0.0,0,1,0
3620,Zuma's Revenge!,zumas_revenge,2009-09-15,95.0,19.0,47.0,43.586666666666666,65.0,382.7000000000001,43770.100000000006,"PopCap Games, Inc.","PopCap Games, Inc.",0.5169666666666667,True,2.49,0,0.0,0,0,0
26800,Braid,braid,2009-04-10,93.0,11.0,35.0,66.97666666666667,2046.0,1701.1,107030.5,Number None,Number None,0.4027782608695652,True,3.99,0,0.0,0,0,0
809020,ZeroRanger,zeroranger,2018-09-28,96.0,14.0,48702.0,3.626666666666667,27.0,380.7000000000001,4652.7,System Erasure,System Erasure,0.4438440476190476,False,11.99,0,0.0,0,0,0
509580,The Lord of the Rings: Adventure Card Game - Definitive Edition,the_lord_of_the_rings_adventure_card_game__definitive_edition,2019-08-29,74.0,39.0,4.0,4.673333333333333,140.0,1863.1,8103.6,Twin Sails Interactive,Twin Sails Interactive,0.1664625,True,18.99,0,0.0,1,0,0
225320,Tomb Raider III (1998),tomb_raider_iii_1998,2012-11-28,84.0,18.0,11.0,5.53,81.0,399.4,18384.1,Core Design,Crystal Dynamics,0.9333,True,3.49,0,0.0,1,1,0
699170,Fell Seal: Arbiter's Mark,fell_seal_arbiters_mark,2019-04-30,88.0,48.0,381509.0,0.2533333333333333,73.0,3694.0,22842.7,6 Eyes Studio,Fulqrum Publishing,0.4651520833333333,True,19.99,0,0.0,1,0,0
604540,Empire of Sin,empire_of_sin,2020-12-01,48.0,40.0,1446.0,658.2533333333333,2251.0,5906.700000000001,20717.0,Romero Games,Paradox Interactive,0.3002058823529412,True,39.99,0,1.0,0,1,0
447290,Redeemer: Enhanced Edition,redeemer_enhanced_edition,2017-08-01,88.0,6.0,1.0,0.2066666666666666,204.0,1250.8000000000002,7399.3,Sobaka Studio,ESDigital Games,0.0172,False,12.74,0,0.0,1,0,0
17460,Mass Effect (2007),mass_effect_2007,2008-12-19,94.0,35.0,669.0,345.48,3679.0,3048.1000000000004,151542.2,BioWare,Electronic Arts,0.4903648148148148,True,9.99,1,1.0,0,1,0
323220,Vagante,vagante,2018-02-21,89.0,53.0,15.0,23.71,72.0,4662.6,17972.100000000002,Nuke Nine,Nuke Nine,0.3998759259259259,False,14.99,0,0.0,0,0,0
6880,Just Cause,just_cause,2007-03-15,66.0,34.0,33.0,13.19,393.0,585.9,29723.7,Avalanche Studios,Square Enix,0.5645703703703704,True,3.49,0,0.0,0,0,0
1341290,We Were Here Forever,we_were_here_forever,2022-05-10,91.0,10.0,2819.0,1385.3533333333337,1390.0,4395.3,129257.7,Total Mayhem Games,Total Mayhem Games,0.5358932,False,17.99,0,1.0,0,0,0
988910,Super Mega Baseball 3,super_mega_baseball_3,2020-05-13,91.0,67.0,274.0,194.40666666666667,242.0,570.5,7224.900000000001,Metalhead Software Inc.,Electronic Arts,0.6125222222222223,True,44.99,0,1.0,1,0,0
38740,EDGE,edge,2011-08-11,92.0,8.0,21.0,9.22,439.0,2505.9,12097.2,Two Tribes,Two Tribes Publishing,0.6736625,True,0.79,0,0.0,0,0,0
541200,GTTOD: Get To The Orange Door,gttod_get_to_the_orange_door,2017-10-26,88.0,21.0,93743.0,0.4233333333333333,6.0,1032.5,8970.6,Andrew Smith,Hitcents,0.3573615384615384,True,9.99,0,0.0,1,1,0
1672970,Minecraft Dungeons,minecraft_dungeons,2021-09-22,91.0,1.0,1542.0,940.87,531.0,6054.6,66732.7,Mojang Studios,Xbox Game Studios,0.4939180999999999,False,19.99,0,1.0,0,0,0
526870,Satisfactory,satisfactory,2024-09-09,97.0,1.0,16771.0,13241.286666666669,7481.0,39715.9,723281.6000000001,Coffee Stain Studios,Coffee Stain Publishing,0.6183094,True,26.99,1,1.0,0,0,0
937170,Otaku's Adventure,otakus_adventure,2019-05-20,95.0,11.0,972.0,441.20666666666665,1062.0,2125.5,33196.3,Spacelight Studio,Spacelight Studio,0.9817,True,5.59,0,1.0,0,0,0
390560,Fantasy Strike,fantasy_strike,2019-07-25,61.0,9.0,1.0,3.526666666666667,83.0,474.2000000000001,15122.7,Sirlin Games,Sirlin Games,0.6537727272727273,True,19.99,0,0.0,0,0,0
73170,Darkest Hour: A Hearts of Iron Game,darkest_hour_a_hearts_of_iron_game,2011-04-08,90.0,157.0,153.0,52.946666666666665,222.0,770.4000000000001,10234.2,Martin Ivanov,Paradox Interactive,0.3150235294117647,True,1.99,0,0.0,1,0,0
360170,How to Survive 2,how_to_survive_2,2016-09-08,69.0,19.0,1398083.0,23.88,82.0,7136.6,124801.9,Eko Software,505 Games,0.30988,True,19.99,0,0.0,1,0,0
1493760,Youtubers Life 2,youtubers_life_2,2021-10-19,73.0,17.0,487.0,241.64666666666665,314.0,1370.4,11025.8,UPLAY Online,UPLAY Online,0.52074,True,29.99,0,1.0,1,1,0
440880,The Count Lucanor,the_count_lucanor,2016-03-03,93.0,5.0,7.0,3.62,37.0,695.8000000000001,12874.4,Baroque Decay,Neon Doctrine,0.838,True,8.49,0,0.0,0,0,0
1969080,A Building Full of Cats,a_building_full_of_cats,2022-07-07,99.0,1.0,14.0,12.153333333333334,157.0,192.3,10934.6,Devcats,Devcats,0.9291,True,1.99,0,0.0,0,0,0
447820,Day of Infamy,day_of_infamy,2017-03-23,82.0,38.0,2.0,154.2566666666667,296.0,9599.3,94274.6,New World Interactive,New World Interactive,0.229685294117647,True,18.99,0,1.0,0,0,0
807120,Iratus: Lord of the Dead,iratus_lord_of_the_dead,2020-04-23,86.0,1.0,1432.0,574.5066666666667,661.0,4410.900000000001,46207.0,Unfrozen,Daedalic Entertainment,0.33015,False,22.49,0,1.0,1,0,0
691450,Misao - 2024 HD Remaster,misao__2024_hd_remaster,2017-10-25,96.0,5.0,6.0,5.003333333333333,25.0,692.1,7649.3,sen,PLAYISM,0.2580379310344827,True,4.59,0,0.0,1,1,0
297860,Split/Second,splitsecond,2014-10-06,81.0,10.0,17.0,10.053333333333333,79.0,805.4000000000001,18039.4,Black Rock Studio,Disney,0.2689916666666667,True,13.39,0,0.0,0,1,0
999020,Mega Man Zero/ZX Legacy Collection,mega_man_zerozx_legacy_collection,2020-02-25,76.0,24.0,167.0,85.80666666666667,289.0,1719.8000000000002,15871.2,"CAPCOM CO., LTD.","CAPCOM CO., LTD.",0.3977227272727273,True,29.99,1,0.0,0,0,0
1227650,Bang-On Balls: Chronicles,bangon_balls_chronicles,2023-10-05,96.0,14.0,31.0,16.673333333333336,174.0,1905.4,18540.4,Exit Plan Games,Untold Tales,0.5613733333333334,True,21.99,0,0.0,1,1,0
700600,Evil Genius 2: World Domination,evil_genius_2_world_domination,2021-03-30,69.0,43.0,7281.0,3019.7333333333336,3210.0,7152.6,77101.8,Rebellion,Rebellion,0.4919967741935484,True,39.99,0,1.0,1,0,0
4000,Garry's Mod,garrys_mod,2006-11-29,97.0,160.0,32041.0,6454.116666666666,71871.0,79307.8,3604274.3,Facepunch Studios,Valve,0.5094780999999999,True,2.49,1,1.0,0,1,0
757480,Broken Reality,broken_reality,2018-11-29,93.0,8.0,27.0,3.846666666666666,19.0,441.2000000000001,6098.8,Dynamic Media Triad,Digital Tribe,0.6956047619047618,True,13.49,0,0.0,0,1,0
1119700,As Far As The Eye,as_far_as_the_eye,2020-09-10,72.0,18.0,301.0,136.74666666666667,789.0,2121.2000000000003,8792.0,Unexpected,Goblinz Publishing,0.81199,True,22.49,0,1.0,0,0,0
526160,The Wild Eight,the_wild_eight,2019-10-03,70.0,13.0,1.0,0.1133333333333333,1065.0,15339.1,40096.100000000006,Eight Points,HypeTrain Digital,0.2080706666666666,True,19.99,0,0.0,0,1,0
1109570,Word Game,word_game,2022-01-21,94.0,9.0,759.0,342.5566666666667,1627.0,2088.0,14779.3,Team9,Team9,0.2553,False,34.99,0,1.0,0,0,0
333950,Medieval Engineers,medieval_engineers,2015-02-19,52.0,49.0,563.0,362.3966666666667,758.0,10616.1,51185.0,Keen Software House,Keen Software House,0.053570731707317,True,19.99,0,1.0,0,0,0
221380,Age of Empires II (Retired),age_of_empires_ii_retired,2013-04-09,96.0,158.0,4304.0,3277.17,8894.0,18865.3,760798.3,Skybox Labs,Xbox Game Studios,0.5136997999999999,True,3.99,0,1.0,1,0,0
597220,West of Loathing,west_of_loathing,2017-08-10,98.0,21.0,959.0,515.2133333333334,806.0,3378.2000000000003,46678.600000000006,Asymmetric,Asymmetric,0.5439079,True,9.89,0,1.0,0,0,0
1049280,Pilgrims,pilgrims,2019-10-07,96.0,2.0,30.0,16.14,237.0,994.0,17227.3,Amanita Design,Amanita Design,0.6119600000000001,True,4.99,0,0.0,0,1,0
1556790,Isonzo,isonzo,2022-09-13,83.0,34.0,1686.0,799.54,2011.0,4846.2,53801.600000000006,BlackMill Games,BlackMill Games,0.4044493,True,29.99,0,1.0,0,0,0
253980,Enclave,enclave,2013-10-04,79.0,8.0,11.0,23.706666666666667,371.0,1097.2,51743.5,Starbreeze,Topware Interactive,0.3037270833333333,True,1.24,0,0.0,0,1,0
493900,Dungeons 3,dungeons_3,2017-10-13,94.0,36.0,625.0,0.0833333333333333,1115.0,5347.700000000001,42881.2,Realmforge Studios,Kalypso Media,0.5959942528735632,True,0.0,0,0.0,1,1,1
633230,NARUTO TO BORUTO: SHINOBI STRIKER,naruto_to_boruto_shinobi_striker,2023-06-29,84.0,2.0,1427.0,685.6433333333334,206.0,14525.0,197851.7,Soleil Ltd.,Bandai Namco Entertainment,0.2437124,True,49.99,0,1.0,1,0,0
440310,Project Arrhythmia,project_arrhythmia,2019-06-14,96.0,38.0,15.0,0.03,42.0,446.4,4171.900000000001,Vitamin Games,Vitamin Games,0.638236,True,10.79,0,0.0,0,0,0
384490,NECROPOLIS: BRUTAL EDITION,necropolis_brutal_edition,2016-07-01,65.0,16.0,233.0,151.81666666666666,1059.0,4547.3,24462.0,Harebrained Schemes,Paradox Interactive,0.15445625,True,29.99,0,1.0,1,0,0
302510,Ryse: Son of Rome,ryse_son_of_rome,2014-10-10,87.0,9.0,327.0,213.1,1228.0,10157.3,228305.0,Crytek,Crytek,0.5239815999999999,True,25.99,0,1.0,1,1,0
319510,Five Nights at Freddy's,five_nights_at_freddys,2014-08-19,94.0,5.0,253.0,237.8066666666667,5036.0,7255.1,248974.6,Scott Cawthon,Scott Cawthon,0.3729059,True,3.34,0,1.0,0,0,0
501300,What Remains of Edith Finch,what_remains_of_edith_finch,2017-04-24,96.0,3.0,17.0,0.07,271.0,10848.9,149899.4,Giant Sparrow,Annapurna Interactive,0.6588425,True,19.99,0,0.0,0,0,0
284950,Pixel Puzzles: Japan,pixel_puzzles_japan,2014-04-17,81.0,8.0,16.0,4.31,250.0,67.7,57341.5,Pixel Puzzles,Pixel Puzzles,-0.4690999999999999,True,1.39,0,0.0,1,0,0
1184770,The Political Process,the_political_process,2019-11-22,96.0,135.0,70.0,65.22333333333334,100.0,533.4,4597.2,Verlumino Studios LLC,Verlumino Studios LLC,0.6365898550724638,False,12.74,0,0.0,0,1,0
205910,Tiny and Big: Grandpa's Leftovers,tiny_and_big_grandpas_leftovers,2012-06-19,92.0,5.0,37.0,15.333333333333334,1366.0,450.8,29142.5,Black Pants Studio,Black Pants Studio,0.8217,True,2.49,0,0.0,1,0,0
702890,BlazBlue: Cross Tag Battle,blazblue_cross_tag_battle,2019-11-20,80.0,22.0,746.0,469.32,709.0,2299.4,24206.4,Arc System Works,Arc System Works,0.4674086956521739,True,49.99,0,1.0,1,1,0
283160,House of the Dying Sun,house_of_the_dying_sun,2016-11-01,90.0,7.0,102355.0,13.836666666666666,262.0,2161.5,9970.7,"Marauder Interactive, LLC","Marauder Interactive, LLC",0.4097789473684211,True,19.99,0,0.0,0,1,0
420740,The Deed,the_deed,2015-11-23,90.0,3.0,16.0,16.903333333333332,36.0,597.0,13917.4,Pilgrim Adventures,GrabTheGames,0.28583,True,0.99,0,0.0,0,1,0
32360,The Secret of Monkey Island: Special Edition,the_secret_of_monkey_island_special_edition,2009-07-15,95.0,9.0,21.0,36.833333333333336,733.0,954.3,34829.6,LucasArts,LucasArts,0.6944891891891892,True,9.99,0,0.0,1,0,0
523660,HYPERCHARGE: Unboxed,hypercharge_unboxed,2020-04-27,90.0,10.0,1.0,0.7866666666666666,8.0,4397.400000000001,29712.7,Digital Cybercherries,Digital Cybercherries,0.1424705882352941,True,14.99,0,0.0,1,0,0
518150,Intruder,intruder,2019-03-01,90.0,22.0,96.0,45.78666666666666,219.0,2768.4,32441.5,Superboss Games,Superboss Games,0.3852988235294117,True,19.99,0,0.0,0,0,0
285740,Kitty Powers' Matchmaker,kitty_powers_matchmaker,2015-04-22,96.0,16.0,23.0,7.95,22.0,353.3,14806.7,Magic Notion Ltd,Magic Notion Ltd,0.6740697674418604,True,7.49,0,0.0,0,0,0
1150590,Samurai Jack: Battle Through Time,samurai_jack_battle_through_time,2020-08-21,85.0,10.0,220.0,90.92666666666666,360.0,1438.8000000000002,5667.400000000001,Soleil Ltd.,Adult Swim Games,,True,39.99,0,0.0,1,0,0
442120,Pinball FX3,pinball_fx3,2017-09-26,88.0,59.0,36.0,12.836666666666668,113.0,1439.5,68722.6,Zen Studios,Zen Studios,0.5238409090909091,True,0.0,0,0.0,0,0,1
812040,Shortest Trip to Earth,shortest_trip_to_earth,2019-08-15,77.0,45.0,55.0,28.076666666666668,80.0,2148.6,7040.700000000001,Interactive Fate,Interactive Fate,0.3511,True,19.99,0,0.0,0,0,0
368340,CrossCode,crosscode,2018-09-20,93.0,55.0,4.0,3.9333333333333336,20.0,7616.6,54700.5,Radical Fish Games,Deck13,0.6046939,True,16.99,0,0.0,0,0,0
748360,MY HERO ONE'S JUSTICE,my_hero_ones_justice,2018-10-25,75.0,12.0,596.0,265.2,239.0,2445.4,7222.200000000001,Byking Inc.,BANDAI NAMCO Entertainment,0.8362857142857143,True,0.0,0,1.0,0,1,1
219680,Proteus,proteus,2013-01-30,76.0,13.0,2.0,12.583333333333334,764.0,445.3,28796.7,Ed Key and David Kanaga,Twisted Tree,0.97656,True,3.39,0,0.0,0,0,0
1677280,Company of Heroes 3,company_of_heroes_3,2023-02-23,57.0,5.0,22826.0,4572.41,1157.0,14502.7,85523.90000000001,Relic Entertainment,Relic Entertainment,0.3897709,True,59.99,1,1.0,1,0,0
2200,Quake III Arena,quake_iii_arena,2007-08-03,96.0,12.0,10.0,7.27,309.0,1416.9,13998.0,id Software,id Software,0.5148894736842106,True,9.99,0,0.0,1,0,0
607050,Wargroove,wargroove,2019-02-01,83.0,23.0,1241.0,535.3133333333334,922.0,3654.8,35617.5,Chucklefish,Chucklefish,0.4219236842105263,True,19.99,0,1.0,0,0,0
1369670,Motor Town: Behind The Wheel,motor_town_behind_the_wheel,2021-12-17,94.0,54.0,145.0,216.1533333333333,134.0,3020.4,30064.7,P3 Games,P3 Games,0.6744202,True,19.99,0,1.0,1,1,0
934780,American Fugitive,american_fugitive,2019-05-21,75.0,9.0,369.0,147.50333333333333,327.0,1852.3,9073.6,Fallen Tree Games Ltd,Curve Games,0.36762,True,15.99,0,1.0,0,0,0
553790,Once in Yaissor,once_in_yaissor,2016-11-09,85.0,4.0,36.0,31.02666666666667,29.0,111.6,5630.900000000001,Valera Entertainment,Valera Entertainment,0.91185,False,0.89,0,0.0,0,1,0
349040,NARUTO SHIPPUDEN: Ultimate Ninja STORM 4,naruto_shippuden_ultimate_ninja_storm_4,2016-02-04,91.0,21.0,1623.0,904.2966666666666,2281.0,22206.9,512085.0,CyberConnect2 Co. Ltd.,BANDAI NAMCO Entertainment,0.4135971,True,49.99,0,1.0,1,0,0
825630,STEINS;GATE 0,steinsgate_0,2018-05-08,96.0,23.0,316.0,184.66,441.0,3833.2,17663.3,MAGES. Inc.,"Spike Chunsoft Co., Ltd.",0.4290009900990099,True,34.99,0,1.0,0,0,0
785740,This Is the Police 2,this_is_the_police_2,2018-07-31,76.0,18.0,8.0,395.79333333333335,106.0,3045.7000000000003,31701.2,Weappy Studio,THQ Nordic,0.1969,True,14.99,0,1.0,1,0,0
541210,Cold Waters,cold_waters,2017-06-05,87.0,77.0,334.0,219.02666666666667,416.0,5980.6,17990.9,Killerfish Games,Killerfish Games,0.2476942857142857,True,39.99,0,1.0,0,0,0
312200,Chasm,chasm,2018-07-30,73.0,16.0,1.0,1.2266666666666668,74.0,1856.4,5224.1,"Bit Kid, Inc.","Bit Kid, Inc.",0.34048,True,17.99,0,0.0,0,0,0
1664220,TRAIL OUT,trail_out,2022-09-07,80.0,16.0,165.0,78.11,478.0,1035.0,5925.900000000001,GOOD BOYS,Crytivo,0.7111437500000001,True,19.99,0,0.0,0,0,0
1069640,This Land Is My Land,this_land_is_my_land,2021-10-20,68.0,77.0,184.0,198.73,127.0,8305.2,17015.100000000002,Game-Labs,Game-Labs,0.3592304347826087,True,39.99,0,1.0,0,1,0
381120,Shoppe Keep,shoppe_keep,2016-05-20,62.0,16.0,332240.0,25.426666666666662,130.0,1449.4,18567.2,Strange Fire,Excalibur Publishing,0.4766888888888889,True,4.99,0,0.0,0,0,0
1097840,Gears 5,gears_5,2019-09-09,70.0,42.0,3276.0,1573.7933333333333,3582.0,7538.8,93221.0,The Coalition,Xbox Game Studios,0.291731,True,59.99,0,1.0,0,0,0
1024650,Port Royale 4,port_royale_4,2020-09-25,58.0,68.0,356.0,227.09666666666664,215.0,2455.5,16101.4,Gaming Minds,Kalypso Media,-0.1377888888888888,True,49.99,0,1.0,1,0,0
287290,Resident Evil Revelations 2,resident_evil_revelations_2,2015-02-24,78.0,23.0,269.0,0.4566666666666666,912.0,6446.0,144096.1,"CAPCOM Co., Ltd.","CAPCOM Co., Ltd.",0.2809119,True,24.99,1,0.0,1,0,0
220740,Chaos on Deponia,chaos_on_deponia,2012-11-06,91.0,14.0,44.0,65.41666666666667,325.0,541.4,13352.4,Daedalic Entertainment,Daedalic Entertainment,0.72075,True,4.99,0,0.0,0,1,0
981430,Gordian Quest,gordian_quest,2022-06-23,89.0,37.0,212.0,133.49333333333334,267.0,3307.7000000000003,24131.0,Mixed Realms Pte Ltd,Mixed Realms Pte Ltd,0.3732222222222222,False,17.99,0,1.0,0,0,0
564530,Pharaoh + Cleopatra,pharaoh__cleopatra,2016-12-15,92.0,77.0,138.0,106.72333333333331,68.0,1107.8,11501.4,Impressions Games,Activision,0.5222813953488372,True,5.99,0,1.0,0,1,0
861650,Session: Skate Sim,session_skate_sim,2022-09-22,83.0,51.0,497.0,277.12666666666667,1008.0,3550.3,41060.8,crea-ture Studios Inc.,Nacon,0.5919882,True,19.99,0,1.0,1,0,0
519190,Next Day: Survival,next_day_survival,2018-05-21,62.0,40.0,1662.0,1050.2166666666667,1914.0,6849.700000000001,45127.5,SOFF Games,Last Level,0.16578,True,7.49,0,1.0,1,0,0
897730,Among Trees,among_trees,2021-11-10,68.0,9.0,109.0,71.54,280.0,3728.8,7032.700000000001,FJRD Interactive,FJRD Interactive,0.6400777777777777,True,14.99,0,0.0,0,1,0
269030,The Yawhg,the_yawhg,2014-02-27,83.0,4.0,7.0,12.036666666666669,407.0,359.3,10573.4,Damian Sommer,Damian Sommer,0.914975,False,4.99,0,0.0,0,0,0
1043340,No Time,no_time,2019-04-14,97.0,55.0,30889.0,0.4966666666666666,4.0,364.3,3013.3,Lost in Days Studio,Lost in Days Studio,0.5907931034482758,True,14.99,0,0.0,0,0,0
300570,Infinifactory,infinifactory,2015-06-30,95.0,32.0,166.0,94.86,113.0,2711.7000000000003,8742.0,Zachtronics,Zachtronics,0.6212230769230769,True,22.49,1,0.0,0,0,0
253110,The Cat Lady,the_cat_lady,2013-12-04,94.0,11.0,16.0,19.216666666666665,574.0,1265.0,18776.9,Harvester Games,Screen 7,0.5197775862068966,True,9.99,0,0.0,0,1,0
1361000,In Silence,in_silence,2021-10-29,75.0,5.0,1010.0,698.9,1367.0,5139.0,105841.1,Ravenhood Games,Ravenhood Games,0.3044454545454545,True,7.99,0,1.0,0,1,0
2141730,Backrooms: Escape Together,backrooms_escape_together,2022-10-18,88.0,10.0,52.0,37.87,111.0,5519.1,177708.90000000002,Triiodide Studios,Triiodide Studios,0.5490842,True,4.99,0,0.0,1,1,0
251630,The Impossible Game,the_impossible_game,2014-05-08,84.0,5.0,8.0,21.51333333333333,381.0,207.1,12121.6,Grip Games,Fluke Games,0.66266,True,4.99,0,0.0,0,0,0
673880,"Warhammer 40,000: Mechanicus",warhammer_40000_mechanicus,2018-11-15,91.0,24.0,932.0,405.72,1033.0,4747.5,43387.2,Bulwark Studios,Kasedo Games,0.3607309999999999,True,26.99,0,1.0,1,1,0
1522820,Orcs Must Die! 3,orcs_must_die_3,2021-07-23,86.0,22.0,7342.0,3832.8866666666654,1868.0,4942.1,140388.7,Robot Entertainment,Robot Entertainment,0.4286686567164179,True,29.99,0,1.0,1,0,0
1353300,Idle Slayer,idle_slayer,2020-12-21,85.0,3.0,44.0,28.1,7.0,334.3,96929.9,Pablo Leban,Pablo Leban,0.4546183,True,3.99,0,0.0,0,1,0
215930,Jagged Alliance 2 - Wildfire,jagged_alliance_2__wildfire,2012-11-16,79.0,47.0,17.0,14.423333333333332,123.0,390.6,11103.3,I-deal Games,Topware Interactive,0.1901027027027026,True,1.74,0,0.0,1,1,0
733990,I Can't Believe It's Not Gambling,i_cant_believe_its_not_gambling,2017-12-11,91.0,34.0,47.0,32.04666666666667,422.0,152.4,8629.800000000001,Mutant Entertainment Studios,Mutant Entertainment Studios,0.1322,True,0.98,0,0.0,0,1,0
8170,Battlestations Pacific,battlestations_pacific,2009-05-12,72.0,39.0,72.0,16.349999999999998,279.0,805.1,26495.7,Eidos Studio Hungary,Square Enix,0.7219,True,2.24,0,0.0,0,0,0
233740,Organ Trail: Director's Cut,organ_trail_directors_cut,2013-03-19,88.0,12.0,31.0,130.54,888.0,781.8000000000001,41272.600000000006,The Men Who Wear Many Hats,The Men Who Wear Many Hats,0.47691875,True,2.99,0,1.0,1,0,0
339340,Resident Evil 0,resident_evil_0,2016-01-19,81.0,15.0,742.0,324.20666666666665,412.0,4957.200000000001,72896.1,"CAPCOM Co., Ltd.","CAPCOM Co., Ltd.",0.2571865,True,19.99,1,1.0,0,0,0
840010,Garden Paws,garden_paws,2018-12-18,90.0,70.0,157.0,133.40333333333334,66.0,1471.0,5553.200000000001,Bitten Toast Games Inc.,Bitten Toast Games Inc.,0.7483238095238095,False,18.99,0,1.0,0,1,0
671860,BattleBit Remastered,battlebit_remastered,2023-06-15,82.0,13.0,28118.0,0.4266666666666667,1831.0,20753.4,492009.9,SgtOkiDoki,SgtOkiDoki,0.0875372,False,14.99,0,0.0,1,0,0
277450,Imperial Glory,imperial_glory,2014-04-11,78.0,52.0,25.0,17.78,167.0,272.3,9028.7,Pyro Studios,Kalypso Media Digital,0.325525,True,0.99,0,0.0,0,0,0
232890,Stronghold Crusader 2,stronghold_crusader_2,2014-09-22,72.0,31.0,456.0,0.0733333333333333,785.0,7684.1,182870.8,Firefly Studios,Firefly Studios,0.333375,True,44.99,0,0.0,1,0,0
743900,Mega Man X Legacy Collection 2,mega_man_x_legacy_collection_2,2018-07-24,77.0,21.0,221.0,135.70000000000002,130.0,885.8000000000001,14041.9,"CAPCOM CO., LTD","CAPCOM CO., LTD",0.2632611111111111,True,19.99,1,1.0,1,0,0
282400,SuperPower 2 Steam Edition,superpower_2_steam_edition,2014-04-18,80.0,59.0,44.0,62.22666666666667,226.0,558.4,12796.4,GolemLabs,THQ Nordic,-0.09734,True,3.99,0,0.0,1,0,0
228200,Company of Heroes,company_of_heroes,2009-10-13,94.0,1.0,1409.0,1634.5366666666666,56.0,2864.1000000000004,81756.1,Relic Entertainment,Relic Entertainment,0.4704904,True,69.99,1,1.0,0,1,0
242640,Styx: Master of Shadows,styx_master_of_shadows,2014-10-07,83.0,21.0,150.0,159.53333333333333,623.0,8137.0,106087.3,Cyanide Studio,Cyanide Studio,0.341027536231884,True,22.49,0,1.0,1,1,0
277590,Assassin's Creed Freedom Cry,assassins_creed_freedom_cry,2014-02-25,77.0,10.0,35.0,17.366666666666667,198.0,2244.6,18392.1,Ubisoft Montreal,Ubisoft,0.2848723404255319,True,3.74,1,0.0,0,0,0
1143810,Black Skylands,black_skylands,2023-08-15,83.0,15.0,246.0,103.18333333333334,183.0,3155.1000000000004,15413.0,Hungry Couch Games,tinyBuild,0.352291,True,19.99,0,1.0,0,0,0
1199030,Tainted Grail: Conquest,tainted_grail_conquest,2021-05-27,90.0,24.0,42.0,28.236666666666668,152.0,4163.3,37349.4,Questline,Awaken Realms,0.52453893129771,True,24.99,0,0.0,1,0,0
504230,Celeste,celeste,2018-01-25,97.0,32.0,128.0,0.0466666666666666,357.0,11028.1,385296.2,Maddy Makes Games Inc.,Maddy Makes Games Inc.,0.4647658,True,19.99,0,0.0,0,0,0
384190,ABZU,abzu,2016-08-02,93.0,3.0,248.0,97.92666666666668,2136.0,8574.5,97325.0,Giant Squid,505 Games,0.7380044,True,19.99,0,0.0,0,0,0
655500,MX Bikes,mx_bikes,2019-10-07,94.0,169.0,19.0,0.0533333333333333,36.0,2491.6000000000004,54115.5,PiBoSo,PiBoSo,0.4660153,False,34.99,0,0.0,0,1,0
615530,"Love, Money, Rock'n'Roll",love_money_rocknroll,2022-08-04,80.0,1.0,878.0,349.0433333333333,622.0,4179.8,6035.900000000001,Soviet Games,Soviet Games,0.565076923076923,False,19.99,0,1.0,0,0,0
386070,Planetary Annihilation: TITANS,planetary_annihilation_titans,2015-08-18,85.0,45.0,893.0,493.42,561.0,8314.2,111366.9,Planetary Annihilation Inc,Planetary Annihilation Inc,0.3286505263157895,True,39.99,0,1.0,1,0,0
293760,Automation - The Car Company Tycoon Game,automation__the_car_company_tycoon_game,2015-03-12,94.0,64.0,179.0,111.43,79.0,6809.5,63935.3,Camshaft Software Ltd,Camshaft Software Ltd,0.518458,True,26.99,0,1.0,0,0,0
464340,Syberia 3,syberia_3,2017-11-13,52.0,13.0,265675.0,0.4933333333333333,280.0,2501.1000000000004,20276.800000000003,Microids,Microids,0.3002645161290322,True,39.99,0,0.0,1,1,0
257850,Hyper Light Drifter,hyper_light_drifter,2016-03-31,93.0,13.0,3.0,418.54,120.0,11015.6,89836.3,Heart Machine,Heart Machine,0.5275239,True,17.99,0,1.0,0,0,0
281990,Stellaris,stellaris,2016-05-09,87.0,1.0,20794.0,1.1266666666666667,4169.0,53488.100000000006,809235.3,Paradox Development Studio,Paradox Interactive,0.3591511,True,39.99,1,0.0,0,0,0
485980,Syrian Warfare,syrian_warfare,2017-02-21,87.0,23.0,71.0,0.0533333333333333,345.0,1946.2,14109.8,Cats Who Play,Cats Who Play,0.2369181818181818,True,17.99,0,0.0,0,0,0
953490,CARRION,carrion,2020-07-23,95.0,6.0,1707.0,732.0966666666667,4310.0,8104.8,100976.7,Phobia Game Studio,Devolver Digital,0.5640082,True,19.99,0,1.0,0,0,0
1730590,The Entropy Centre,the_entropy_centre,2022-11-03,90.0,10.0,139.0,70.61,325.0,1562.3000000000002,10132.9,Stubby Games,Playstack,0.6047931506849316,True,24.99,0,0.0,0,1,0
115100,Costume Quest,costume_quest,2011-10-14,94.0,11.0,55.0,58.73,743.0,356.40000000000003,15016.4,Double Fine Productions,Double Fine Productions,0.7484777777777778,True,3.39,0,0.0,0,1,0
2140510,Town of Salem 2,town_of_salem_2,2023-08-25,72.0,6.0,2026.0,766.5433333333334,280.0,874.7,59273.5,BlankMediaGames LLC,Digital Bandidos,0.1610689,False,8.99,0,1.0,1,0,0
466300,Planescape: Torment: Enhanced Edition,planescape_torment_enhanced_edition,2017-04-11,95.0,31.0,185.0,133.94,180.0,3434.7000000000003,42366.100000000006,Beamdog,Beamdog,0.5018553333333333,True,19.99,0,1.0,1,0,0
70000,Dino D-Day,dino_dday,2011-04-08,84.0,9.0,170.0,17.099999999999998,1820.0,1574.2,172927.6,800 North and Digital Ranch,800 North and Digital Ranch,0.4036045454545455,False,0.99,0,0.0,0,0,0
462780,Darksiders Warmastered Edition,darksiders_warmastered_edition,2016-11-29,88.0,17.0,976.0,527.3566666666667,209.0,2020.6,65180.0,KAIKO,THQ Nordic,0.4886594,True,3.99,0,1.0,0,1,0
743390,DISTRAINT 2,distraint_2,2018-11-13,96.0,5.0,8.0,4.473333333333334,153.0,626.4000000000001,7172.900000000001,Jesse Makkonen,Jesse Makkonen,0.6625571428571428,True,8.09,0,0.0,1,1,0
224960,Tomb Raider I (1996),tomb_raider_i_1996,2012-11-28,85.0,12.0,21.0,21.736666666666668,340.0,641.8000000000001,25537.6,Core Design,Crystal Dynamics,0.5427928571428572,True,3.49,0,0.0,0,1,0
1073910,Before We Leave,before_we_leave,2021-05-13,78.0,24.0,664.0,292.6766666666667,301.0,2735.7000000000003,16719.100000000002,Balancing Monkey Games,Team17,0.51295,True,19.99,0,1.0,0,0,0
1127400,Mindustry,mindustry,2019-09-26,96.0,1.0,781.0,611.4699999999999,239.0,4315.3,118553.6,AnukenDev,AnukenDev,0.4801854,True,4.49,0,1.0,0,0,0
813630,Supraland,supraland,2019-04-05,95.0,23.0,621404.0,0.3766666666666666,19.0,4204.2,39227.8,Supra Games,Supra Games,0.6250715447154471,True,9.89,0,0.0,0,0,0
1043260,Gladiator Guild Manager,gladiator_guild_manager,2024-06-22,81.0,19.0,326.0,167.0,426.0,2361.1,22847.7,Entertainment Forge,GrabTheGames,0.382358064516129,True,9.99,0,1.0,0,0,0
252110,Lovers in a Dangerous Spacetime,lovers_in_a_dangerous_spacetime,2015-09-09,93.0,13.0,56.0,28.526666666666667,105.0,3418.9,49505.600000000006,Asteroid Base,Asteroid Base,0.6560652173913043,False,13.49,0,0.0,0,0,0
946720,To The Rescue!,to_the_rescue,2021-11-02,66.0,10.0,124.0,71.58,357.0,766.5,5420.0,Little Rock Games,indie.io,0.5907871794871795,True,19.99,0,0.0,0,1,0
367520,Hollow Knight,hollow_knight,2017-02-24,97.0,53.0,193.0,65.05333333333334,388.0,44052.9,1236147.9,Team Cherry,Team Cherry,0.6172829000000001,True,14.99,1,0.0,0,0,0
22300,Fallout 3,fallout_3,2008-10-28,81.0,17.0,141.0,63.51,1713.0,5397.900000000001,134961.7,Bethesda Game Studios,Bethesda Softworks,0.4081001999999999,True,4.99,1,0.0,1,1,0
495890,Montaro,montaro,2016-07-25,95.0,16.0,198.0,104.25666666666666,587.0,1342.5,45260.4,JCKSLAP,02GAMES,0.9979,True,0.89,0,1.0,0,0,0
427730,Who's Your Daddy?!,whos_your_daddy,2016-05-13,80.0,8.0,113.0,228.4433333333333,159.0,9454.3,296861.0,Evil Tortilla Games,Evil Tortilla Games,0.35889,True,4.99,0,1.0,0,0,0
219150,Hotline Miami,hotline_miami,2012-10-23,97.0,11.0,314.0,411.0266666666666,11923.0,5575.400000000001,493776.2,Dennaton Games,Devolver Digital,0.216863,True,1.49,0,1.0,0,1,0
803330,Destroy All Humans!,destroy_all_humans,2020-07-28,92.0,12.0,984.0,409.6066666666666,1457.0,5472.400000000001,74779.2,Black Forest Games,THQ Nordic,0.7264355932203389,True,29.99,0,1.0,0,0,0
300550,Shadowrun: Dragonfall - Director's Cut,shadowrun_dragonfall__directors_cut,2014-09-18,89.0,30.0,617.0,291.94666666666666,714.0,3544.8,54752.600000000006,Harebrained Schemes,Paradox Interactive,0.5148854838709677,True,7.49,0,1.0,1,0,0
322450,FRAMED Collection,framed_collection,2018-05-17,93.0,3.0,9.0,0.1333333333333333,28.0,524.1,7866.6,Loveshack Entertainment,Fellow Traveller,0.7545923076923077,True,8.99,0,0.0,0,0,0
644390,D&D Lords of Waterdeep,dd_lords_of_waterdeep,2017-09-01,94.0,91.0,73.0,45.053333333333335,77.0,606.6,7403.3,"Playdek, Inc.","Playdek, Inc.",0.5434375,False,14.99,0,0.0,0,0,0
1338770,Sniper Ghost Warrior Contracts 2,sniper_ghost_warrior_contracts_2,2021-06-04,84.0,31.0,2125.0,1397.85,933.0,6153.700000000001,124711.5,CI Games,CI Games,0.441148,True,39.99,0,1.0,1,0,0
1153640,Chorus,chorus,2021-12-03,83.0,14.0,215.0,116.8,291.0,3194.2000000000003,18723.9,Deep Silver Fishlabs,Deep Silver,0.424203947368421,True,39.99,0,1.0,0,1,0
1075190,A Game of Thrones: The Board Game - Digital Edition,a_game_of_thrones_the_board_game__digital_edition,2020-10-06,70.0,49.0,362.0,213.16,555.0,1292.4,9696.7,Dire Wolf,Twin Sails Interactive,0.73,True,15.99,0,1.0,1,1,0
1696810,Railroads Online,railroads_online,2024-12-04,76.0,3.0,644.0,511.02,116.0,2123.3,17118.0,Stefan Kelnberger,astragon Entertainment,0.2334648936170212,True,34.99,0,1.0,0,1,0
2100,Dark Messiah of Might & Magic,dark_messiah_of_might__magic,2006-10-25,91.0,9.0,66.0,45.60333333333333,832.0,1716.1,93460.8,Arkane Studios,Ubisoft,0.5417145000000001,True,5.99,0,0.0,0,1,0
1570070,Beholder 3,beholder_3,2022-03-03,66.0,9.0,144.0,64.06,387.0,1174.2,14462.9,Paintbucket Games,Alawar,0.427725,True,14.99,0,0.0,1,0,0
1547890,Let's Build a Zoo,lets_build_a_zoo,2021-11-05,89.0,35.0,542.0,310.43333333333334,438.0,2269.2000000000003,38874.5,Springloaded,No More Robots,0.5130270072992701,True,19.99,0,1.0,0,1,0
618740,Beat Hazard 2,beat_hazard_2,2019-10-16,87.0,13.0,14.0,8.756666666666666,98.0,799.7,8752.4,Cold Beam Games,Cold Beam Games,0.7876333333333333,False,18.99,0,0.0,1,1,0
215280,Secret World Legends,secret_world_legends,2017-07-31,67.0,95.0,544.0,144.66666666666666,1800.0,4750.400000000001,95557.2,Funcom,Funcom,0.6068478260869565,False,22.49,0,1.0,0,0,0
421170,Indivisible,indivisible,2019-10-08,71.0,15.0,455.0,197.6266666666667,591.0,4095.9,19117.6,Lab Zero Games,505 Games,-0.1401304347826087,True,35.99,0,1.0,0,1,0
1999360,Placid Plastic Duck Simulator,placid_plastic_duck_simulator,2022-07-06,98.0,17.0,195.0,106.74333333333334,373.0,1484.9,60679.5,turbolento games,turbolento publishing,0.6013338,True,1.99,0,1.0,0,0,0
691690,Ash of Gods: Redemption,ash_of_gods_redemption,2018-03-23,74.0,16.0,113.0,0.2799999999999999,328.0,3127.4,10739.4,AurumDust,AurumDust,0.58960625,True,24.99,0,0.0,1,0,0
588030,Derail Valley,derail_valley,2019-01-25,96.0,70.0,51.0,0.0166666666666666,94.0,2776.0,21269.7,Altfuture,Altfuture,0.6262318,True,19.99,0,0.0,0,0,0
1337760,Potion Permit,potion_permit,2022-09-22,80.0,20.0,2524.0,1148.0566666666666,669.0,4550.2,32498.300000000003,MassHive Media,PQube,0.6525480769230769,True,19.99,0,1.0,0,0,0
1326470,Sons Of The Forest,sons_of_the_forest,2024-02-22,88.0,8.0,274662.0,27699.72333333333,9125.0,60819.3,1374958.8,Endnight Games Ltd,Newnight,0.4603666999999999,True,29.99,0,1.0,0,0,0
238210,System Shock 2 (1999),system_shock_2_1999,2013-05-10,94.0,5.0,99.0,198.6233333333333,1574.0,1909.2,41103.4,Nightdive Studios,Nightdive Studios,0.2434469387755102,True,2.49,0,1.0,1,0,0
1302240,Labyrinthine,labyrinthine,2023-08-18,85.0,20.0,69.0,64.39,34.0,3835.1,120011.1,Valko Game Studios,Valko Game Studios,0.5813718999999999,False,9.99,0,0.0,0,0,0
323580,Jotun: Valhalla Edition,jotun_valhalla_edition,2015-09-29,77.0,6.0,6.0,15.586666666666666,19.0,4068.5,68560.8,Thunder Lotus,Thunder Lotus,0.111608,True,14.99,0,0.0,1,0,0
506610,Five Nights at Freddy's: Sister Location,five_nights_at_freddys_sister_location,2016-10-07,90.0,5.0,500.0,214.0433333333333,1772.0,4041.5,67299.2,Scott Cawthon,Scott Cawthon,0.2344991,True,6.79,0,1.0,1,1,0
322500,SUPERHOT,superhot,2016-02-25,91.0,7.0,2272.0,1040.6066666666668,1568.0,13449.8,212964.0,SUPERHOT Team,SUPERHOT Team,0.6671907,True,22.49,0,1.0,0,0,0
798490,Othercide,othercide,2020-07-27,82.0,22.0,282.0,168.22,384.0,4397.400000000001,29257.1,Lightbulb Crew,Focus Entertainment,0.4487492063492063,True,29.74,0,1.0,0,0,0
855640,My Brother Rabbit,my_brother_rabbit,2018-09-21,96.0,10.0,13.0,9.376666666666669,28.0,427.0,7096.3,Artifex Mundi,Artifex Mundi,0.6241233333333334,True,14.99,0,0.0,0,0,0
1244950,Battletoads,battletoads,2020-08-20,68.0,6.0,165.0,68.70666666666666,402.0,760.8000000000001,10899.3,Dlala Studios,Microsoft Studios,0.4520958333333333,False,19.99,0,0.0,0,0,0
635200,Distrust: Polar Survival,distrust_polar_survival,2017-08-23,72.0,9.0,55.0,33.53666666666667,298.0,1671.6,10612.4,Cheerdealers,Alawar,0.3307454545454545,True,9.59,0,0.0,1,0,0
1682970,Uncrashed : FPV Drone Simulator,uncrashed__fpv_drone_simulator,2021-09-01,95.0,45.0,36.0,35.74333333333333,87.0,2038.3,32433.9,Louis Rochette,Louis Rochette,0.6167311,True,14.99,0,0.0,1,0,0
351100,Niffelheim,niffelheim,2018-09-26,71.0,14.0,242882.0,4.446666666666666,34.0,4158.7,10473.7,Ellada Games,Ellada Games,0.6999333333333334,True,17.99,0,0.0,0,0,0
402130,FlatOut 4: Total Insanity,flatout_4_total_insanity,2017-04-04,53.0,9.0,18.0,9.423333333333334,81.0,535.1,16256.2,Kylotonn,Strategy First,-0.0838909090909091,True,33.99,0,0.0,1,0,0
1930,Two Worlds Epic Edition,two_worlds_epic_edition,2009-04-30,77.0,19.0,52.0,9.513333333333334,456.0,705.0,61912.600000000006,Reality Pump Studios,Topware Interactive,0.1408640449438202,True,2.49,0,0.0,0,0,0
675010,MudRunner,mudrunner,2017-10-30,91.0,29.0,1568.0,976.7066666666666,500.0,11603.3,231943.8,Saber Interactive,Focus Entertainment,0.496015,True,26.99,0,1.0,0,1,0
875210,Kingdom Heroes 8,kingdom_heroes_8,2021-01-12,54.0,110.0,6848.0,3287.09,7616.0,5767.6,36433.8,"USERJOY Technology Co.,Ltd.","USERJOY Technology Co.,Ltd.",0.67555,True,26.99,0,1.0,0,0,0
351970,Tales of Zestiria,tales_of_zestiria,2015-10-19,80.0,35.0,1903.0,1.653333333333333,925.0,12763.3,59298.600000000006,BANDAI NAMCO Studio Inc.,BANDAI NAMCO Entertainment,0.2155758620689655,True,49.99,1,0.0,0,1,0
958400,Project CARS 3,project_cars_3,2020-08-27,55.0,13.0,252.0,158.60333333333332,427.0,1940.7,12530.8,Slightly Mad Studios,BANDAI NAMCO Entertainment,0.4085333333333333,True,59.99,0,1.0,1,0,0
367450,Poly Bridge,poly_bridge,2016-07-12,91.0,11.0,1.0,241.05666666666664,2.0,8557.7,70664.40000000001,Dry Cactus,Dry Cactus,0.3804518072289157,True,11.99,0,1.0,0,0,0
466500,35MM,35mm,2016-05-27,71.0,5.0,54.0,41.873333333333335,164.0,3291.6000000000004,16533.600000000002,Носков Сергей,Носков Сергей,0.3781142857142857,False,12.99,0,0.0,0,0,0
269210,Hero Siege,hero_siege,2014-01-29,68.0,109.0,341.0,88.75333333333333,1607.0,6582.1,308912.3,Panic Art Studios Ltd,Panic Art Studios Ltd,0.3960621,True,2.39,0,0.0,0,0,0
1288320,Way of the Hunter,way_of_the_hunter,2022-08-16,80.0,50.0,2862.0,1442.7866666666666,1384.0,3903.9,40446.3,Nine Rocks Games,THQ Nordic,0.4941855,True,39.99,0,1.0,0,0,0
224760,FEZ,fez,2013-05-01,93.0,8.0,97.0,0.0,3242.0,2377.7000000000003,154654.2,Polytron Corporation,Trapdoor,0.5224796875,True,2.49,0,0.0,0,0,0
299740,Miscreated,miscreated,2018-12-18,66.0,151.0,31.0,52.66666666666666,584.0,19622.7,124045.1,Entrada Interactive LLC,Entrada Interactive LLC,0.1424078431372549,True,24.99,0,0.0,0,1,0
591460,Parkasaurus,parkasaurus,2020-08-12,93.0,26.0,218.0,103.95,181.0,2681.9,14948.9,Washbear Studio,Washbear Studio,0.6948,True,19.99,0,1.0,0,0,0
495420,State of Decay 2: Juggernaut Edition,state_of_decay_2_juggernaut_edition,2020-03-13,83.0,58.0,7995.0,4783.08,5682.0,14182.7,384021.1,Undead Labs,Xbox Game Studios,0.3447952,True,29.99,0,1.0,1,0,0
1227780,Taur,taur,2020-02-19,80.0,14.0,319.0,137.54666666666668,323.0,1650.7,6664.0,Echo Entertainment,Echo Entertainment,0.5823894736842106,True,22.49,0,1.0,0,0,0
1229240,Chained Echoes,chained_echoes,2022-12-08,89.0,35.0,1561.0,953.49,1372.0,4541.3,30413.7,Umami Tiger (Matthias Linda),Deck13,0.5027303,True,24.99,0,1.0,0,1,0
872410,ROMANCE OF THE THREE KINGDOMS XIV,romance_of_the_three_kingdoms_xiv,2020-01-15,63.0,219.0,7641.0,5964.126666666667,3535.0,6920.1,53753.100000000006,"KOEI TECMO GAMES CO., LTD.","KOEI TECMO GAMES CO., LTD.",0.395040909090909,True,53.99,0,1.0,0,0,0
1843760,Rogue Tower,rogue_tower,2022-01-28,82.0,1.0,2228.0,1611.8000000000002,302.0,2061.4,41998.7,Die of Death Games,Die of Death Games,0.5090515151515151,True,14.99,0,1.0,0,0,0
991560,ONE PUNCH MAN: A HERO NOBODY KNOWS,one_punch_man_a_hero_nobody_knows,2020-02-27,52.0,11.0,63.0,27.55,172.0,1268.8000000000002,6818.3,Spike Chunsoft Co. Ltd.,BANDAI NAMCO Entertainment,0.41781875,False,59.99,0,0.0,1,0,0
1889040,Birth,birth,2023-02-17,96.0,1.0,51.0,30.42,26.0,640.3000000000001,9453.5,Madison Karrh,Madison Karrh,0.6677620689655173,True,9.89,0,0.0,0,0,0
841190,"Honey, I Joined a Cult",honey_i_joined_a_cult,2022-11-03,73.0,22.0,341.0,171.33666666666667,277.0,2843.0,16428.7,Sole Survivor Games,Team17,0.4159093023255814,True,21.99,0,1.0,0,1,0
872670,SCP: 5K,scp_5k,2022-02-22,80.0,18.0,90.0,55.07666666666666,224.0,9431.2,78456.90000000001,Affray Interactive,Affray Interactive,0.4620147,True,19.99,0,0.0,1,0,0
389170,Songs for a Hero - Definitive Edition,songs_for_a_hero__definitive_edition,2016-03-24,96.0,1.0,165.0,86.60333333333334,52.0,866.9000000000001,7046.5,Dumativa,Dumativa,0.0,False,15.99,0,0.0,0,0,0
516750,My Summer Car,my_summer_car,2025-01-07,95.0,42.0,917.0,1050.2733333333333,1003.0,13755.4,221512.3,Amistech Games,Amistech Games,0.1263574,True,13.49,0,1.0,0,0,0
621830,WRC 7 FIA World Rally Championship,wrc_7_fia_world_rally_championship,2017-09-15,81.0,18.0,64.0,67.12,153.0,2786.4,41916.3,KT Racing,Nacon,0.6756609756097561,True,39.99,0,0.0,0,0,0
285500,Hard Truck Apocalypse / Ex Machina,hard_truck_apocalypse__ex_machina,2014-03-14,84.0,23.0,9.0,19.786666666666665,291.0,390.8,14716.0,Targem Games,ESDigital Games,0.4939153846153846,True,1.99,0,0.0,0,0,0
1477070,Depersonalization,depersonalization,2024-08-07,93.0,31.0,275.0,362.92,1575.0,4219.8,17534.4,MeowNature,Gamirror Games,0.664,False,17.99,0,1.0,0,0,0
6860,Hitman: Blood Money,hitman_blood_money,2007-03-15,94.0,12.0,98.0,202.93666666666664,1202.0,1509.6,56565.7,Io-Interactive A/S,Io-Interactive A/S,0.4898357,True,4.49,0,1.0,1,0,0
108710,Alan Wake,alan_wake,2012-02-16,90.0,13.0,210.0,444.49,6283.0,4794.0,297470.8,Remedy Entertainment,Remedy Entertainment,0.3450514999999999,True,11.99,0,1.0,0,0,0
1987080,Inside the Backrooms,inside_the_backrooms,2022-06-20,81.0,16.0,26.0,1574.6333333333332,48.0,7322.8,407638.7,MrFatcat,MrFatcat,0.0426461,False,4.99,0,1.0,0,0,0
46560,Robin Hood: The Legend of Sherwood,robin_hood_the_legend_of_sherwood,2011-08-26,66.0,15.0,5.0,2.356666666666667,167.0,374.9,6288.8,Spellbound,Microids,0.4118,True,1.59,0,0.0,1,0,0
1221250,NORCO,norco,2022-03-24,93.0,6.0,39.0,29.30333333333333,71.0,1311.5,10827.6,Geography of Robots,Raw Fury,0.6496157894736843,True,14.99,0,0.0,0,0,0
1970980,Warlord: Britannia,warlord_britannia,2022-05-24,88.0,20.0,206.0,123.74,214.0,1055.4,6283.700000000001,Darkmatter Games,Darkmatter Games,0.1161838709677419,True,19.99,0,1.0,1,0,0
598810,Carcassonne - Tiles & Tactics,carcassonne__tiles__tactics,2017-11-29,85.0,35.0,1.0,11.953333333333331,5.0,844.1,21404.7,Artefacts Studio,Twin Sails Interactive,0.6039102564102564,True,9.99,0,0.0,0,1,0
892970,Valheim,valheim,2021-02-02,94.0,1.0,210300.0,152701.56666666668,103433.0,50728.3,1687119.8,Iron Gate AB,Coffee Stain Publishing,0.5926702,True,19.99,0,1.0,0,0,0
1250,Killing Floor,killing_floor,2009-05-14,95.0,88.0,2432.0,2565.726666666667,20609.0,11330.5,685816.2000000001,Tripwire Interactive,Tripwire Interactive,0.3704128,True,9.99,0,1.0,0,0,0
435530,The Final Station,the_final_station,2016-08-30,87.0,7.0,28.0,1.2333333333333334,210.0,4256.6,44181.4,DO MY BEST,tinyBuild,0.6091612244897959,True,11.99,0,0.0,0,0,0
244030,Take On Mars,take_on_mars,2017-02-09,55.0,30.0,20.0,41.88666666666666,210.0,2347.9,12124.7,Bohemia Interactive,Bohemia Interactive,0.3593714285714285,True,15.29,0,0.0,0,0,0
266010,LYNE,lyne,2014-03-17,96.0,16.0,71.0,31.096666666666668,1243.0,843.9000000000001,52143.8,Thomas Bowker,Thomas Bowker,0.54065,True,0.89,0,0.0,0,0,0
220,Half-Life 2,half_life_2,2007-10-10,98.0,11.98331051755778,15034483.0,1630.2564102564102,18886.7,10020.3,1298987.1,Valve,Valve,0.4532322000000003,True,4.99,1,1.0,1,1,0
320,Half-Life 2: Deathmatch,half_life_2_deathmatch,2004-11-01,91.0,8.395212073735065,4586291.0,1517.7179487179487,983.8,974.2,458629.1,Valve,Valve,0.1951701000000002,True,2.49,1,1.0,1,1,0
360,Half-Life Deathmatch: Source,half_life_deathmatch_source,2006-05-01,75.0,3.0287331058873863,1329268.0,31.0,412.1,692.7,26366.9,Valve,Valve,0.4094766666666666,True,4.99,1,0.0,1,0,0
550,Left 4 Dead 2,left_4_dead_2,2009-11-16,98.0,31.895562821482905,76002320.0,16186.0,76689.8,125325.3,6710284.9,Valve,Valve,0.415016900000001,True,9.99,1,1.0,1,1,0
730,Counter-Strike 2,counter_strike_2,2012-08-21,86.0,203.23448748949485,328468834.0,24538.01098901099,920727.5,460888.3000000001,32846883.4,Valve,Valve,0.1920673999999997,False,7.49,1,1.0,1,0,0
7670,BioShock,bioshock,2007-08-21,94.0,6.269295988195109,3849180.0,84.23076923076923,2449.3,3466.5,183809.9,2K Boston,2K,0.4718042999999972,True,4.99,1,0.0,0,0,0
8190,Just Cause 2,just_cause_2,2010-03-23,91.0,12.91570975795162,6711114.0,1804.1648351648355,4053.3,5781.3,602055.4,Avalanche Studios,Square Enix,0.3656896999999999,True,7.49,0,1.0,1,0,0
8850,BioShock 2,bioshock_2,2010-02-09,89.0,6.874669190592837,2313525.0,485.1666666666667,1115.5,3206.3,102335.9,2K Marin,2K,0.5389658227848101,True,4.99,1,1.0,1,0,0
8870,BioShock Infinite,bioshock_infinite,2013-03-25,94.0,12.500226799340918,8145964.0,8861.857142857143,10732.7,13123.2,713402.2000000001,Irrational Games,2K,0.4766536000000007,True,7.49,0,1.0,0,0,0
9480,Saints Row 2,saints_row_2,2009-01-07,76.0,12.394983801096632,2756285.0,282.7391304347826,1220.0,2025.3,103672.9,Volition,Deep Silver,0.4928826999999998,True,2.49,0,1.0,1,0,0
12210,Grand Theft Auto IV: The Complete Edition,grand_theft_auto_iv_the_complete_edition,2010-10-01,83.0,26.61368803695212,8675370.0,577.054945054945,16285.6,17897.8,815531.5,Rockstar North,Rockstar Games,0.3720352000000003,True,7.99,0,1.0,1,1,0
49520,Borderlands 2,borderlands_2,2012-09-17,89.0,47.09220953834859,19473804.0,41464.73626373626,20840.0,31604.6,1632593.1,Gearbox Software,2K,0.4723564000000009,True,4.99,1,1.0,1,0,0
50130,Mafia II (Classic),mafia_ii_classic,2011-03-22,94.0,23.185696918857648,3593907.0,1935.5384615384608,3496.0,9320.8,290560.0,2K Czech,2K,0.4318556000000011,True,9.99,1,1.0,1,0,0
55230,Saints Row: The Third,saints_row_the_third,2011-11-14,96.0,25.39353303171545,7676110.0,4146.384615384615,4829.2,7151.0,652350.9,Volition,Deep Silver,0.4452338999999994,True,4.99,0,1.0,1,1,0
200260,Batman: Arkham City - Game of the Year Edition,batman_arkham_city_game_of_the_year_edition,2012-09-07,96.0,15.20667371024384,5758867.0,1560.904761904762,5169.900000000001,5294.0,154992.7,Rocksteady Studios,WB Games,0.5501839000000002,True,7.99,0,1.0,1,0,0
203140,Hitman: Absolution,hitman_absolution,2012-11-19,93.0,11.967961306797257,5022964.0,6365.263736263736,4514.0,6956.8,444072.8000000001,Io-Interactive A/S,Io-Interactive A/S,0.3643745000000006,True,9.99,0,1.0,1,1,0
204100,Max Payne 3,max_payne_3,2012-05-31,87.0,13.272878482450238,3271246.0,2192.911111111111,5074.0,6319.400000000001,302481.10000000003,Rockstar Studios,Rockstar Games,0.3811846000000003,True,5.99,0,1.0,1,0,0
206420,Saints Row IV: Re-Elected,saints_row_iv_re_elected,2013-08-19,88.0,19.47850085642786,7261788.0,7124.945054945055,5725.200000000001,8226.4,632027.8,Deep Silver Volition,Deep Silver,0.315527100000001,True,4.99,0,1.0,1,0,0
208650,Batman: Arkham Knight,batman_arkham_knight,2015-06-23,89.0,21.5476871132606,7036201.0,4819.197802197802,10216.0,19096.3,593877.1,Rocksteady Studios,WB Games,0.4331061000000002,True,59.99,0,1.0,1,0,0
218620,PAYDAY 2,payday_2,2013-08-13,89.0,43.67834616555147,46625233.0,16758.747252747253,43917.2,820295.8,3864546.4,OVERKILL - a Starbreeze Studio.,Starbreeze Entertainment,0.2152526999999997,True,7.49,0,1.0,1,0,0
219640,Chivalry: Medieval Warfare,chivalry_medieval_warfare,2012-10-16,83.0,15.29611326577777,8050090.0,4608.725274725275,4466.400000000001,33824.5,677827.0,Torn Banner Studios,Torn Banner Studios,-0.1090433333333333,False,6.24,0,1.0,1,1,0
220240,Far Cry 3,far_cry_3,2012-12-04,89.0,20.26701932577147,6414396.0,8324.175824175823,11070.2,14585.6,614517.9,"Ubisoft Montreal, Massive Entertainment, and Ubisoft Shanghai",Ubisoft,0.2339022000000004,True,7.49,1,1.0,1,1,0
225540,Just Cause 3,just_cause_3,2015-11-30,84.0,20.19651091151687,8564730.0,8172.362637362637,10117.8,31449.2,776379.3,Avalanche Studios,Square Enix,0.4652084000000004,True,53.99,0,1.0,1,1,0
234140,Mad Max,mad_max,2015-09-01,92.0,23.114079492281707,4700723.0,8376.285714285714,5471.400000000001,23354.1,384133.2,Avalanche Studios,Warner Bros. Games,0.4080951,True,71.98,0,1.0,0,0,0
238010,Deus Ex: Human Revolution - Director's Cut,deus_ex_human_revolution_director_s_cut,2013-10-25,92.0,16.451695860226902,2477476.0,1844.952380952381,2437.2000000000003,4464.6,228829.6,Eidos Montreal,Eidos Interactive Corp.,0.4097344999999994,True,9.99,0,1.0,1,1,0
239140,Dying Light,dying_light,2016-04-21,95.0,32.188082742932004,22401612.0,3576.769230769231,35498.3,73722.1,1960760.4,Techland,Techland,0.4231799000000005,False,59.99,1,1.0,0,0,0
242050,Assassins Creed IV Black Flag,assassin_s_creed_iv_black_flag,2013-11-19,88.0,21.40153141135927,3140788.0,7119.761904761905,6805.700000000001,14960.2,300932.10000000003,Ubisoft Montreal,Ubisoft Montreal,0.4084123000000003,True,39.99,1,1.0,1,1,0
242760,The Forest,the_forest,2018-04-30,96.0,21.41162911105831,33402664.0,14326.296703296704,55261.0,79054.1,3090820.3000000003,Endnight Games Ltd,Endnight Games Ltd,0.3912256000000004,True,10.04,0,1.0,0,0,0
243470,Watch_Dogs,watch_dogs,2014-05-26,79.0,18.66548163433957,2505347.0,8212.08,4455.400000000001,10294.9,241930.4,Ubisoft,Ubisoft,0.4472354,True,35.99,1,1.0,0,0,0
261640,Borderlands: The Pre-Sequel,borderlands_the_pre_sequel,2014-10-13,79.0,22.364799497201457,5876513.0,15389.9010989011,3129.6000000000004,20544.7,314021.9,2K Australia,2K,0.3277434999999999,True,40.19,1,1.0,1,1,0
271590,Grand Theft Auto V,grand_theft_auto_v,2015-04-13,87.0,151.31782987508095,65599554.0,126284.95555555556,182711.7,338694.7,6559955.4,Rockstar North,Rockstar Games,0.3147394000000003,True,59.99,0,1.0,0,0,0
275850,No Man's Sky,no_man_s_sky,2016-08-12,84.0,48.74535449187072,12721375.0,14279.725274725277,29426.300000000003,84383.70000000001,1114770.7,Hello Games,Hello Games,0.6859675000000008,True,59.99,0,1.0,0,0,0
287700,METAL GEAR SOLID V: THE PHANTOM PAIN,metal_gear_solid_v_the_phantom_pain,2015-09-01,92.0,47.246496100878765,5306733.0,27763.98901098901,7028.3,25527.9,443762.0,KONAMI,KONAMI,0.2940651000000004,True,59.99,1,1.0,1,0,0
289070,Sid Meiers Civilization VI,sid_meier_s_civilization_vi,2016-10-20,86.0,72.61531056292027,27108859.0,49043.71428571428,26593.300000000003,80179.3,2342655.6,Firaxis Games,2K,0.4068591000000005,True,59.99,0,1.0,0,1,0
292030,The Witcher 3: Wild Hunt,the_witcher_3_wild_hunt,2015-05-18,97.0,51.88661625800921,29068871.0,29020.24175824176,78458.6,98972.2,2799794.8000000003,CD PROJEKT RED,CD PROJEKT RED,0.531644900000001,True,53.99,1,1.0,1,0,0
298110,Far Cry 4,far_cry_4,2014-11-01,84.0,24.53658174376622,3799582.0,7550.473684210527,6011.6,27826.800000000003,365605.1,"Ubisoft Montreal, Red Storm, Shanghai, Toronto, Kiev",Ubisoft,0.2400794000000006,True,47.99,1,1.0,1,1,0
307690,Sleeping Dogs: Definitive Edition,sleeping_dogs_definitive_edition,2014-10-08,94.0,14.133135002034043,4229604.0,765.6666666666666,6431.8,10765.4,398059.2,United Front Games,Square Enix,0.5218058,True,14.99,0,1.0,1,1,0
311340,METAL GEAR SOLID V: GROUND ZEROES,metal_gear_solid_v_ground_zeroes,2014-12-18,85.0,5.077718432956059,2054832.0,2902.375,1301.0,6130.900000000001,110150.8,KONAMI,KONAMI,0.423033,True,13.39,1,1.0,1,1,0
337000,Deus Ex: Mankind Divided,deus_ex_mankind_divided,2016-08-23,76.0,18.64646659011392,2729804.0,7652.472527472528,2992.4,14336.4,235241.0,Eidos Montreal,Eidos Interactive Corp.,0.4812164999999998,True,59.99,0,1.0,1,0,0
346110,ARK: Survival Evolved,ark_survival_evolved,2017-08-27,83.0,76.46803036953851,39273059.0,53382.98901098901,56603.4,163088.0,3440755.2,Studio Wildcard,Studio Wildcard,0.2540560000000002,True,24.89,0,1.0,1,0,0
359550,Tom Clancy's Rainbow Six Siege X,tom_clancy_s_rainbow_six_siege_x,2015-12-01,83.0,129.05931655289854,37005174.0,12294.989010989011,146109.30000000002,128311.5,3700517.4,Ubisoft Montreal,Ubisoft,0.1542343,False,89.99,1,1.0,0,1,0
360430,Mafia III: Definitive Edition,mafia_iii_definitive_edition,2020-05-19,57.0,21.01180625169213,3152508.0,1252.3736263736264,3847.1,18671.9,257883.4,Hangar 13,2K,0.3333804999999998,True,59.99,0,1.0,1,0,0
368500,Assassin's Creed Syndicate,assassin_s_creed_syndicate,2015-11-18,80.0,24.28958987683872,1865856.0,1640.065934065934,2910.5,17977.600000000002,180803.7,"Ubisoft Quebec, in collaboration with Ubisoft Annecy, Bucharest, Kiev, Montreal, Montpellier, Shanghai, Singapore, Sofia, Toronto studios",Ubisoft,0.4611210000000005,True,59.99,1,1.0,0,1,0
377160,Fallout 4,fallout_4,2015-11-09,81.0,77.62063805559669,19944080.0,147915.24175824175,27525.6,92020.4,1666839.8,Bethesda Game Studios,Bethesda Softworks,-0.0354795,True,59.99,1,1.0,1,1,0
379430,Kingdom Come: Deliverance,kingdom_come_deliverance,2018-02-13,84.0,40.98342521732941,7287567.0,21153.054945054944,13054.9,39048.8,643640.4,Warhorse Studios,Warhorse Studios,0.2995742000000004,True,59.99,0,1.0,1,0,0
403640,Dishonored 2,dishonored_2,2016-11-11,90.0,16.626156469939023,4912188.0,5995.791208791209,4106.1,22085.0,402605.6,Arkane Studios,Bethesda Softworks,0.5207021000000013,True,59.99,0,1.0,1,1,0
407530,ARK: The Survival Of The Fittest,ark_the_survival_of_the_fittest,2017-08-29,66.0,6.088098177432734,2833322.0,176.96703296703296,458.4,7060.700000000001,283332.2,Studio Wildcard,Studio Wildcard,0.1668166666666666,True,14.99,0,1.0,1,0,0
409710,BioShock Remastered,bioshock_remastered,2016-09-15,82.0,7.228103438477894,5287539.0,1117.4,4887.0,2782.3,374990.0,2K Boston,2K,0.5526349999999997,True,19.99,1,1.0,1,0,0
447040,Watch_Dogs 2,watch_dogs_2,2016-11-28,83.0,21.80844638557522,5111923.0,5654.021978021978,8130.6,34323.8,492968.8000000001,Ubisoft,Ubisoft,0.4292766000000008,True,59.99,1,1.0,1,1,0
489830,The Elder Scrolls V: Skyrim Special Edition,the_elder_scrolls_v_skyrim_special_edition,2016-10-27,92.0,65.86340515838256,23939373.0,27698.252747252747,20049.1,54415.8,1878846.5,Bethesda Game Studios,Bethesda Softworks,0.4140631000000003,True,39.99,1,1.0,1,1,0
517630,Just Cause 4 Reloaded,just_cause_4_reloaded,2018-12-04,62.0,16.822744595318607,1776293.0,1657.7252747252746,2236.6,10824.8,177629.30000000002,Avalanche Studios,Square Enix,0.2746454000000001,True,59.99,0,1.0,1,1,0
578080,PUBG: BATTLEGROUNDS,pubg_battlegrounds,2017-12-21,60.0,150.45754694391013,170818879.0,2729682.186813187,264051.0,342216.10000000003,17081887.900000002,PUBG Corporation,"KRAFTON, Inc.",0.1611575999999999,False,29.99,0,1.0,1,1,0
582010,Monster Hunter: World,monster_hunter_world,2018-08-09,89.0,117.44113086102077,21545931.0,153542.72527472526,30490.6,89580.3,1736585.4,"CAPCOM Co., Ltd.","CAPCOM Co., Ltd.",0.3559690000000001,True,59.99,1,1.0,1,0,0
638970,Yakuza 0,yakuza_0,2018-08-01,96.0,32.57919306787833,3088061.0,2621.5054945054944,6052.3,8850.300000000001,277412.9,Ryu Ga Gotoku Studio,SEGA,0.323862,True,19.99,0,1.0,0,0,0
729040,Borderlands Game of the Year Enhanced,borderlands_game_of_the_year_enhanced,2009-10-26,81.0,15.60614195468453,2755737.0,9.56140350877193,1726.6,1253.1,49028.7,Gearbox Software,2K,0.4834048000000006,True,29.99,1,0.0,0,1,0
834530,Yakuza Kiwami,yakuza_kiwami,2019-02-19,93.0,26.53973139880423,1125754.0,694.9560439560439,1688.9,4465.8,69774.0,Ryu Ga Gotoku Studio,SEGA,0.4178031999999995,True,17.99,0,1.0,0,0,0
927380,Yakuza Kiwami 2,yakuza_kiwami_2,2019-05-09,95.0,31.51714420132793,841179.0,695.7362637362637,1341.6,3528.6000000000004,74624.40000000001,Ryu Ga Gotoku Studio,SEGA,0.5210596999999997,True,29.99,0,1.0,1,0,0
939960,Far Cry New Dawn,far_cry_new_dawn,2019-02-15,75.0,20.146134930709128,1767285.0,3260.879120879121,3052.6000000000004,7960.1,169282.40000000002,Ubisoft Montreal,Ubisoft,0.2194692000000002,True,39.99,1,1.0,0,0,0
1030830,Mafia II: Definitive Edition,mafia_ii_definitive_edition,2020-05-19,73.0,10.311287321174076,2754285.0,1304.032967032967,2491.4,2057.1,152475.0,Hangar 13,2K,0.4271612999999998,True,29.99,0,1.0,1,0,0
1030840,Mafia: Definitive Edition,mafia_definitive_edition,2020-09-24,87.0,10.989716667673566,4421089.0,4295.571428571428,8077.900000000001,13274.5,397894.1,Hangar 13,2K,0.5223542999999996,True,0.0,0,1.0,1,0,1
1086940,Baldur's Gate 3,baldur_s_gate_3,2023-08-03,97.0,111.34823728927228,16448816.0,394901.2637362637,71040.2,96948.4,1546762.0,Larian Studios,Larian Studios,0.7106123000000004,True,59.99,1,1.0,1,0,0
1088710,Yakuza 3 Remastered,yakuza_3_remastered,2021-01-28,81.0,22.97357876241707,490933.0,605.1098901098901,740.1,933.9,38744.6,Ryu Ga Gotoku Studio,SEGA,0.2786426000000006,True,19.99,0,1.0,1,0,0
1091500,Cyberpunk 2077,cyberpunk_2077,2020-12-09,86.0,70.96305282827068,22796751.0,177197.97802197802,80214.8,153773.9,2162963.4,CD PROJEKT RED,CD PROJEKT RED,0.5942828999999993,True,59.99,1,1.0,1,1,0
1105500,Yakuza 4 Remastered,yakuza_4_remastered,2021-01-28,91.0,27.9894384388692,395788.0,437.05494505494505,524.5,740.3000000000001,29475.6,Ryu Ga Gotoku Studio,SEGA,0.2609561000000003,True,19.99,0,1.0,1,0,0
1105510,Yakuza 5 Remastered,yakuza_5_remastered,2021-01-28,89.0,47.146099885209054,310851.0,557.0439560439561,575.1,874.2,28670.1,Ryu Ga Gotoku Studio,SEGA,0.4706883000000008,True,19.99,0,1.0,1,0,0
1113000,Persona 4 Golden,persona_4_golden,2020-06-13,97.0,43.768361670309815,2147623.0,10198.615384615385,6767.8,9757.7,196022.4,ATLUS,SEGA,0.6251180000000005,True,19.99,0,1.0,1,0,0
1172470,Apex Legends,apex_legends,2020-11-04,67.0,101.81352967426436,73694704.0,105105.3956043956,102221.9,57907.7,7369470.4,Respawn,Electronic Arts,0.1855433000000001,False,0.0,0,1.0,0,1,1
1174180,Red Dead Redemption 2,red_dead_redemption_2,2019-12-05,92.0,64.38389210033658,21800242.0,36168.42857142857,74606.40000000001,91975.5,2094018.1,Rockstar Games,Rockstar Games,0.5701986999999998,True,59.99,1,1.0,1,1,0
1235140,Yakuza: Like a Dragon,yakuza_like_a_dragon,2020-11-10,94.0,40.20595148828066,1467470.0,3717.703296703297,2618.3,6937.400000000001,128206.8,Ryu Ga Gotoku Studio,SEGA,0.5274317000000008,True,59.99,0,1.0,1,1,0
1237970,Titanfall 2,titanfall_2,2020-06-18,96.0,13.25011430833632,13191054.0,4553.076923076923,23801.4,22300.9,1245060.3,Respawn Entertainment,Electronic Arts,0.5566690999999999,True,9.89,0,1.0,1,0,0
1238810,Battlefield V,battlefield_v,2020-10-22,71.0,37.06459808082744,17287880.0,4335.186813186813,22680.5,31450.2,1620507.4,DICE,Electronic Arts,0.1475035000000001,True,49.99,0,1.0,0,1,0
1245620,ELDEN RING,elden_ring,2022-02-24,93.0,112.4930024492786,21846361.0,381871.4065934066,79280.90000000001,111862.7,1881526.8,"FromSoftware, Inc.","FromSoftware, Inc.",0.3745691000000011,True,59.99,1,1.0,0,0,0
1388590,Yakuza 6: The Song of Life,yakuza_6_the_song_of_life,2021-03-25,93.0,23.899406001968487,363133.0,536.2857142857143,647.2,1702.0,33489.4,Ryu Ga Gotoku Studio,SEGA,0.5503162000000006,True,19.99,0,1.0,1,0,0
2096600,Crysis 2 Remastered,crysis_2_remastered,2022-11-17,89.0,7.528626949530323,361524.0,303.989010989011,745.6,1264.7,35450.9,Crytek,Crytek,0.3712769230769229,True,29.99,0,1.0,1,1,0
2096610,Crysis 3 Remastered,crysis_3_remastered,2022-11-17,88.0,6.755099780110891,358619.0,236.9450549450549,640.6,1905.9,35131.6,Crytek,Crytek,0.5365024193548388,True,29.99,0,1.0,1,1,0
2208920,Assassin's Creed Valhalla,assassin_s_creed_valhalla,2022-12-06,70.0,40.90163625297305,1608137.0,6131.087912087912,3196.4,7779.5,155167.6,Ubisoft Montreal,Ubisoft,0.3217269000000002,True,19.8,1,1.0,0,1,0
2221920,Immortals Fenyx Rising,immortals_fenyx_rising,2022-12-15,73.0,23.480692990482503,321870.0,343.1868131868132,415.4,1623.7,31724.1,Ubisoft,Ubisoft,0.6033858974358973,True,15.0,1,1.0,0,1,0
2231380,Tom Clancy's Ghost Recon Breakpoint,tom_clancy_s_ghost_recon_breakpoint,2023-01-23,73.0,22.87983542787217,2411745.0,2902.4065934065934,3481.6000000000004,6515.8,232720.1,Ubisoft Paris,Ubisoft,0.3328619000000001,True,12.0,1,1.0,0,0,0
2239550,Watch Dogs: Legion,watch_dogs_legion,2023-01-26,57.0,15.311768587609698,610378.0,943.4065934065934,1056.8,2629.9,59413.7,Ubisoft Toronto,Ubisoft,0.2666736999999998,True,12.0,1,1.0,1,0,0
2369390,Far Cry 6,far_cry_6,2023-05-11,71.0,27.10416640979277,1536221.0,6426.351648351649,2843.4,5471.900000000001,148742.2,Ubisoft Toronto,Ubisoft,0.1765098999999996,True,15.0,1,1.0,0,0,0
